pdb,resolution,year,affinity_raw,affinity_M,affinity_type,pKd,pocket_pdb,rna_pdb,lig_sdf,lig_mol2,n_rna_atoms,n_lig_atoms,rna_C,rna_N,rna_O,rna_P,rna_S,lig_C,lig_N,lig_O,lig_S,lig_F,lig_Cl,lig_Br,lig_I,lig_P,mol_weight,n_rings,n_hbd,n_hba,n_rot_bonds,tpsa,pocket_file,ligand_sdf,ligand_mol2,subtype,rs_subclass
1arj,NMR,1996,Kd=1mM,0.001,KD,3.0,/home/stalin/Desktop/PDFL-RNA/NA-L/1arj/1arj_pocket.pdb,/home/stalin/Desktop/PDFL-RNA/NA-L/1arj/1arj_nucleic_acid.pdb,/home/stalin/Desktop/PDFL-RNA/NA-L/1arj/1arj_ligand.sdf,/home/stalin/Desktop/PDFL-RNA/NA-L/1arj/1arj_ligand.mol2,641,12,190,75,141,20,0,6,4,2,0,0,0,0,0,0,175.212,0.0,4.0,2.0,5.0,131.41,/home/stalin/Desktop/PDFL-RNA/NA-L/1arj/1arj_pocket.pdb,/home/stalin/Desktop/PDFL-RNA/NA-L/1arj/1arj_ligand.sdf,/home/stalin/Desktop/PDFL-RNA/NA-L/1arj/1arj_ligand.mol2,viral_tar,other_lig
407d,2.20,1998,Kd=344nM,3.44e-07,KD,6.4634,/home/stalin/Desktop/PDFL-RNA/NA-L/407d/407d_pocket.pdb,/home/stalin/Desktop/PDFL-RNA/NA-L/407d/407d_nucleic_acid.pdb,/home/stalin/Desktop/PDFL-RNA/NA-L/407d/407d_ligand.sdf,/home/stalin/Desktop/PDFL-RNA/NA-L/407d/407d_ligand.mol2,657,48,189,74,148,18,0,31,11,6,0,0,0,0,0,0,663.7400000000001,4.0,6.0,7.0,14.0,205.61000000000004,/home/stalin/Desktop/PDFL-RNA/NA-L/407d/407d_pocket.pdb,/home/stalin/Desktop/PDFL-RNA/NA-L/407d/407d_ligand.sdf,/home/stalin/Desktop/PDFL-RNA/NA-L/407d/407d_ligand.mol2,duplex_groove,other_lig
408d,2.10,1998,Kd=48nM,4.8000000000000006e-08,KD,7.3188,/home/stalin/Desktop/PDFL-RNA/NA-L/408d/408d_pocket.pdb,/home/stalin/Desktop/PDFL-RNA/NA-L/408d/408d_nucleic_acid.pdb,/home/stalin/Desktop/PDFL-RNA/NA-L/408d/408d_ligand.sdf,/home/stalin/Desktop/PDFL-RNA/NA-L/408d/408d_ligand.mol2,618,47,176,70,150,17,0,31,11,5,0,0,0,0,0,0,648.7490000000001,4.0,6.0,6.0,14.0,182.55,/home/stalin/Desktop/PDFL-RNA/NA-L/408d/408d_pocket.pdb,/home/stalin/Desktop/PDFL-RNA/NA-L/408d/408d_ligand.sdf,/home/stalin/Desktop/PDFL-RNA/NA-L/408d/408d_ligand.mol2,duplex_groove,other_lig
1qms,NMR,1999,Kd=1nM,1e-09,KD,9.0,/home/stalin/Desktop/PDFL-RNA/NA-L/1qms/1qms_pocket.pdb,/home/stalin/Desktop/PDFL-RNA/NA-L/1qms/1qms_nucleic_acid.pdb,/home/stalin/Desktop/PDFL-RNA/NA-L/1qms/1qms_ligand.sdf,/home/stalin/Desktop/PDFL-RNA/NA-L/1qms/1qms_ligand.mol2,727,121,222,87,136,22,0,80,4,34,2,0,0,0,1,0,1883.9599999999991,10.0,11.0,38.0,39.0,463.7800000000002,/home/stalin/Desktop/PDFL-RNA/NA-L/1qms/1qms_pocket.pdb,/home/stalin/Desktop/PDFL-RNA/NA-L/1qms/1qms_ligand.sdf,/home/stalin/Desktop/PDFL-RNA/NA-L/1qms/1qms_ligand.mol2,other_misc,other_lig
1byj,NMR,1999,Kd=2uM,2e-06,KD,5.699,/home/stalin/Desktop/PDFL-RNA/NA-L/1byj/1byj_pocket.pdb,/home/stalin/Desktop/PDFL-RNA/NA-L/1byj/1byj_nucleic_acid.pdb,/home/stalin/Desktop/PDFL-RNA/NA-L/1byj/1byj_ligand.sdf,/home/stalin/Desktop/PDFL-RNA/NA-L/1byj/1byj_ligand.mol2,647,31,191,79,139,20,0,19,5,7,0,0,0,0,0,0,454.5890000000002,3.0,8.0,7.0,6.0,224.78,/home/stalin/Desktop/PDFL-RNA/NA-L/1byj/1byj_pocket.pdb,/home/stalin/Desktop/PDFL-RNA/NA-L/1byj/1byj_ligand.sdf,/home/stalin/Desktop/PDFL-RNA/NA-L/1byj/1byj_ligand.mol2,ribosomal_asite,other_lig
1db6,NMR,2000,Kd=0.1mM,0.0001,KD,4.0,/home/stalin/Desktop/PDFL-RNA/NA-L/1db6/1db6_pocket.pdb,/home/stalin/Desktop/PDFL-RNA/NA-L/1db6/1db6_nucleic_acid.pdb,/home/stalin/Desktop/PDFL-RNA/NA-L/1db6/1db6_ligand.sdf,/home/stalin/Desktop/PDFL-RNA/NA-L/1db6/1db6_ligand.mol2,445,12,136,53,85,14,0,6,5,1,0,0,0,0,0,0,175.236,0.0,5.0,1.0,5.0,134.36999999999998,/home/stalin/Desktop/PDFL-RNA/NA-L/1db6/1db6_pocket.pdb,/home/stalin/Desktop/PDFL-RNA/NA-L/1db6/1db6_ligand.sdf,/home/stalin/Desktop/PDFL-RNA/NA-L/1db6/1db6_ligand.mol2,other_misc,other_lig
1cvy,2.15,2000,Kd=0.38uM,3.8e-07,KD,6.4202,/home/stalin/Desktop/PDFL-RNA/NA-L/1cvy/1cvy_pocket.pdb,/home/stalin/Desktop/PDFL-RNA/NA-L/1cvy/1cvy_nucleic_acid.pdb,/home/stalin/Desktop/PDFL-RNA/NA-L/1cvy/1cvy_ligand.sdf,/home/stalin/Desktop/PDFL-RNA/NA-L/1cvy/1cvy_ligand.mol2,636,47,185,73,144,18,0,31,11,5,0,0,0,0,0,0,648.7490000000001,4.0,6.0,6.0,14.0,182.55,/home/stalin/Desktop/PDFL-RNA/NA-L/1cvy/1cvy_pocket.pdb,/home/stalin/Desktop/PDFL-RNA/NA-L/1cvy/1cvy_ligand.sdf,/home/stalin/Desktop/PDFL-RNA/NA-L/1cvy/1cvy_ligand.mol2,duplex_groove,other_lig
454d,1.20,2000,Kd=10nM,1e-08,KD,8.0,/home/stalin/Desktop/PDFL-RNA/NA-L/454d/454d_pocket.pdb,/home/stalin/Desktop/PDFL-RNA/NA-L/454d/454d_nucleic_acid.pdb,/home/stalin/Desktop/PDFL-RNA/NA-L/454d/454d_ligand.sdf,/home/stalin/Desktop/PDFL-RNA/NA-L/454d/454d_ligand.mol2,709,0,194,80,194,17,0,0,0,0,0,0,0,0,0,0,0.0,0.0,0.0,0.0,0.0,0.0,/home/stalin/Desktop/PDFL-RNA/NA-L/454d/454d_pocket.pdb,/home/stalin/Desktop/PDFL-RNA/NA-L/454d/454d_ligand.sdf,/home/stalin/Desktop/PDFL-RNA/NA-L/454d/454d_ligand.mol2,duplex_groove,other_lig
1cvx,2.27,2000,Kd=11uM,1.1e-05,KD,4.9586,/home/stalin/Desktop/PDFL-RNA/NA-L/1cvx/1cvx_pocket.pdb,/home/stalin/Desktop/PDFL-RNA/NA-L/1cvx/1cvx_nucleic_acid.pdb,/home/stalin/Desktop/PDFL-RNA/NA-L/1cvx/1cvx_ligand.sdf,/home/stalin/Desktop/PDFL-RNA/NA-L/1cvx/1cvx_ligand.mol2,623,48,185,73,131,18,0,31,11,6,0,0,0,0,0,0,663.7400000000001,4.0,6.0,7.0,14.0,205.61000000000004,/home/stalin/Desktop/PDFL-RNA/NA-L/1cvx/1cvx_pocket.pdb,/home/stalin/Desktop/PDFL-RNA/NA-L/1cvx/1cvx_ligand.sdf,/home/stalin/Desktop/PDFL-RNA/NA-L/1cvx/1cvx_ligand.mol2,duplex_groove,other_lig
1f27,1.30,2000,Kd=1uM,1e-06,KD,6.0,/home/stalin/Desktop/PDFL-RNA/NA-L/1f27/1f27_pocket.pdb,/home/stalin/Desktop/PDFL-RNA/NA-L/1f27/1f27_nucleic_acid.pdb,/home/stalin/Desktop/PDFL-RNA/NA-L/1f27/1f27_ligand.sdf,/home/stalin/Desktop/PDFL-RNA/NA-L/1f27/1f27_ligand.mol2,719,16,193,84,201,19,0,10,2,3,1,0,0,0,0,0,243.308,2.0,2.0,4.0,5.0,81.25999999999999,/home/stalin/Desktop/PDFL-RNA/NA-L/1f27/1f27_pocket.pdb,/home/stalin/Desktop/PDFL-RNA/NA-L/1f27/1f27_ligand.sdf,/home/stalin/Desktop/PDFL-RNA/NA-L/1f27/1f27_ligand.mol2,aptamer,other_lig
1f1t,2.80,2000,Kd=40nM,4e-08,KD,7.3979,/home/stalin/Desktop/PDFL-RNA/NA-L/1f1t/1f1t_pocket.pdb,/home/stalin/Desktop/PDFL-RNA/NA-L/1f1t/1f1t_nucleic_acid.pdb,/home/stalin/Desktop/PDFL-RNA/NA-L/1f1t/1f1t_ligand.sdf,/home/stalin/Desktop/PDFL-RNA/NA-L/1f1t/1f1t_ligand.mol2,654,0,192,81,140,20,0,0,0,0,0,0,0,0,0,0,0.0,0.0,0.0,0.0,0.0,0.0,/home/stalin/Desktop/PDFL-RNA/NA-L/1f1t/1f1t_pocket.pdb,/home/stalin/Desktop/PDFL-RNA/NA-L/1f1t/1f1t_ligand.sdf,/home/stalin/Desktop/PDFL-RNA/NA-L/1f1t/1f1t_ligand.mol2,aptamer,other_lig
1qd3,NMR,2000,Kd=5.9uM,5.9e-06,KD,5.2291,/home/stalin/Desktop/PDFL-RNA/NA-L/1qd3/1qd3_pocket.pdb,/home/stalin/Desktop/PDFL-RNA/NA-L/1qd3/1qd3_nucleic_acid.pdb,/home/stalin/Desktop/PDFL-RNA/NA-L/1qd3/1qd3_ligand.sdf,/home/stalin/Desktop/PDFL-RNA/NA-L/1qd3/1qd3_ligand.mol2,605,42,179,67,136,19,0,23,6,13,0,0,0,0,0,0,620.6980000000001,4.0,13.0,13.0,9.0,362.83,/home/stalin/Desktop/PDFL-RNA/NA-L/1qd3/1qd3_pocket.pdb,/home/stalin/Desktop/PDFL-RNA/NA-L/1qd3/1qd3_ligand.sdf,/home/stalin/Desktop/PDFL-RNA/NA-L/1qd3/1qd3_ligand.mol2,other_misc,other_lig
1fyp,NMR,2001,Kd=2.5uM,2.5e-06,KD,5.6021,/home/stalin/Desktop/PDFL-RNA/NA-L/1fyp/1fyp_pocket.pdb,/home/stalin/Desktop/PDFL-RNA/NA-L/1fyp/1fyp_nucleic_acid.pdb,/home/stalin/Desktop/PDFL-RNA/NA-L/1fyp/1fyp_ligand.sdf,/home/stalin/Desktop/PDFL-RNA/NA-L/1fyp/1fyp_ligand.mol2,806,42,238,97,174,24,0,23,5,14,0,0,0,0,0,0,620.6740000000003,4.0,13.0,14.0,9.0,355.4199999999999,/home/stalin/Desktop/PDFL-RNA/NA-L/1fyp/1fyp_pocket.pdb,/home/stalin/Desktop/PDFL-RNA/NA-L/1fyp/1fyp_ligand.sdf,/home/stalin/Desktop/PDFL-RNA/NA-L/1fyp/1fyp_ligand.mol2,ribosomal_asite,other_lig
1i9v,2.60,2001,Ki=342uM,0.0003419999999999,KI,3.466,/home/stalin/Desktop/PDFL-RNA/NA-L/1i9v/1i9v_pocket.pdb,/home/stalin/Desktop/PDFL-RNA/NA-L/1i9v/1i9v_nucleic_acid.pdb,/home/stalin/Desktop/PDFL-RNA/NA-L/1i9v/1i9v_ligand.sdf,/home/stalin/Desktop/PDFL-RNA/NA-L/1i9v/1i9v_ligand.mol2,660,42,194,87,139,20,0,23,6,13,0,0,0,0,0,0,620.6980000000003,4.0,13.0,13.0,9.0,362.8299999999999,/home/stalin/Desktop/PDFL-RNA/NA-L/1i9v/1i9v_pocket.pdb,/home/stalin/Desktop/PDFL-RNA/NA-L/1i9v/1i9v_ligand.sdf,/home/stalin/Desktop/PDFL-RNA/NA-L/1i9v/1i9v_ligand.mol2,ribosomal_asite,other_lig
1nzm,NMR,2003,IC50=0.33uM,3.3e-07,IC50,6.4815,/home/stalin/Desktop/PDFL-RNA/NA-L/1nzm/1nzm_pocket.pdb,/home/stalin/Desktop/PDFL-RNA/NA-L/1nzm/1nzm_nucleic_acid.pdb,/home/stalin/Desktop/PDFL-RNA/NA-L/1nzm/1nzm_ligand.sdf,/home/stalin/Desktop/PDFL-RNA/NA-L/1nzm/1nzm_ligand.mol2,744,26,230,94,135,20,0,22,2,0,0,2,0,0,0,0,347.3880000000002,5.0,0.0,1.0,0.0,7.12,/home/stalin/Desktop/PDFL-RNA/NA-L/1nzm/1nzm_pocket.pdb,/home/stalin/Desktop/PDFL-RNA/NA-L/1nzm/1nzm_ligand.sdf,/home/stalin/Desktop/PDFL-RNA/NA-L/1nzm/1nzm_ligand.mol2,g_quadruplex,other_lig
1p96,NMR,2003,Kd=2.54uM,2.54e-06,KD,5.5952,/home/stalin/Desktop/PDFL-RNA/NA-L/1p96/1p96_pocket.pdb,/home/stalin/Desktop/PDFL-RNA/NA-L/1p96/1p96_nucleic_acid.pdb,/home/stalin/Desktop/PDFL-RNA/NA-L/1p96/1p96_ligand.sdf,/home/stalin/Desktop/PDFL-RNA/NA-L/1p96/1p96_ligand.mol2,415,39,127,50,79,13,0,31,1,7,0,0,0,0,0,0,530.5970000000004,7.0,4.0,7.0,3.0,140.93,/home/stalin/Desktop/PDFL-RNA/NA-L/1p96/1p96_pocket.pdb,/home/stalin/Desktop/PDFL-RNA/NA-L/1p96/1p96_ligand.sdf,/home/stalin/Desktop/PDFL-RNA/NA-L/1p96/1p96_ligand.mol2,duplex_groove,other_lig
1qv8,2.50,2004,Kd=114nM,1.14e-07,KD,6.9431,/home/stalin/Desktop/PDFL-RNA/NA-L/1qv8/1qv8_pocket.pdb,/home/stalin/Desktop/PDFL-RNA/NA-L/1qv8/1qv8_nucleic_acid.pdb,/home/stalin/Desktop/PDFL-RNA/NA-L/1qv8/1qv8_ligand.sdf,/home/stalin/Desktop/PDFL-RNA/NA-L/1qv8/1qv8_ligand.mol2,677,34,203,79,138,20,0,27,7,0,0,0,0,0,0,0,452.5860000000002,6.0,3.0,4.0,4.0,68.27999999999999,/home/stalin/Desktop/PDFL-RNA/NA-L/1qv8/1qv8_pocket.pdb,/home/stalin/Desktop/PDFL-RNA/NA-L/1qv8/1qv8_ligand.sdf,/home/stalin/Desktop/PDFL-RNA/NA-L/1qv8/1qv8_ligand.mol2,duplex_groove,other_lig
1qv4,2.50,2004,Kd=124nM,1.24e-07,KD,6.9066,/home/stalin/Desktop/PDFL-RNA/NA-L/1qv4/1qv4_pocket.pdb,/home/stalin/Desktop/PDFL-RNA/NA-L/1qv4/1qv4_nucleic_acid.pdb,/home/stalin/Desktop/PDFL-RNA/NA-L/1qv4/1qv4_ligand.sdf,/home/stalin/Desktop/PDFL-RNA/NA-L/1qv4/1qv4_ligand.mol2,639,35,194,76,124,20,0,28,7,0,0,0,0,0,0,0,466.6130000000002,6.0,3.0,4.0,4.0,68.27999999999999,/home/stalin/Desktop/PDFL-RNA/NA-L/1qv4/1qv4_pocket.pdb,/home/stalin/Desktop/PDFL-RNA/NA-L/1qv4/1qv4_ligand.sdf,/home/stalin/Desktop/PDFL-RNA/NA-L/1qv4/1qv4_ligand.mol2,duplex_groove,other_lig
1r4e,NMR,2004,Kd=5.33uM,5.33e-06,KD,5.2733,/home/stalin/Desktop/PDFL-RNA/NA-L/1r4e/1r4e_pocket.pdb,/home/stalin/Desktop/PDFL-RNA/NA-L/1r4e/1r4e_nucleic_acid.pdb,/home/stalin/Desktop/PDFL-RNA/NA-L/1r4e/1r4e_ligand.sdf,/home/stalin/Desktop/PDFL-RNA/NA-L/1r4e/1r4e_ligand.mol2,415,39,127,50,79,13,0,31,1,7,0,0,0,0,0,0,530.5970000000004,7.0,4.0,7.0,3.0,140.93,/home/stalin/Desktop/PDFL-RNA/NA-L/1r4e/1r4e_pocket.pdb,/home/stalin/Desktop/PDFL-RNA/NA-L/1r4e/1r4e_ligand.sdf,/home/stalin/Desktop/PDFL-RNA/NA-L/1r4e/1r4e_ligand.mol2,duplex_groove,other_lig
1q8n,NMR,2004,Kd=800nM,8.000000000000001e-07,KD,6.0969,/home/stalin/Desktop/PDFL-RNA/NA-L/1q8n/1q8n_pocket.pdb,/home/stalin/Desktop/PDFL-RNA/NA-L/1q8n/1q8n_nucleic_acid.pdb,/home/stalin/Desktop/PDFL-RNA/NA-L/1q8n/1q8n_ligand.sdf,/home/stalin/Desktop/PDFL-RNA/NA-L/1q8n/1q8n_ligand.mol2,873,25,259,109,185,27,0,23,2,0,0,0,0,0,0,0,329.46700000000016,3.0,0.0,1.0,3.0,6.25,/home/stalin/Desktop/PDFL-RNA/NA-L/1q8n/1q8n_pocket.pdb,/home/stalin/Desktop/PDFL-RNA/NA-L/1q8n/1q8n_ligand.sdf,/home/stalin/Desktop/PDFL-RNA/NA-L/1q8n/1q8n_ligand.mol2,aptamer,other_lig
1uts,NMR,2004,Ki=0.039uM,3.9e-08,KI,7.4089,/home/stalin/Desktop/PDFL-RNA/NA-L/1uts/1uts_pocket.pdb,/home/stalin/Desktop/PDFL-RNA/NA-L/1uts/1uts_nucleic_acid.pdb,/home/stalin/Desktop/PDFL-RNA/NA-L/1uts/1uts_ligand.sdf,/home/stalin/Desktop/PDFL-RNA/NA-L/1uts/1uts_ligand.mol2,475,30,141,52,107,15,0,24,5,1,0,0,0,0,0,0,410.5860000000004,4.0,4.0,2.0,10.0,89.12,/home/stalin/Desktop/PDFL-RNA/NA-L/1uts/1uts_pocket.pdb,/home/stalin/Desktop/PDFL-RNA/NA-L/1uts/1uts_ligand.sdf,/home/stalin/Desktop/PDFL-RNA/NA-L/1uts/1uts_ligand.mol2,viral_tar,other_lig
1uud,NMR,2004,Ki=1.54uM,1.54e-06,KI,5.8125,/home/stalin/Desktop/PDFL-RNA/NA-L/1uud/1uud_pocket.pdb,/home/stalin/Desktop/PDFL-RNA/NA-L/1uud/1uud_nucleic_acid.pdb,/home/stalin/Desktop/PDFL-RNA/NA-L/1uud/1uud_ligand.sdf,/home/stalin/Desktop/PDFL-RNA/NA-L/1uud/1uud_ligand.mol2,703,25,208,81,155,22,0,16,7,2,0,0,0,0,0,0,354.4790000000002,1.0,7.0,2.0,12.0,162.34999999999997,/home/stalin/Desktop/PDFL-RNA/NA-L/1uud/1uud_pocket.pdb,/home/stalin/Desktop/PDFL-RNA/NA-L/1uud/1uud_ligand.sdf,/home/stalin/Desktop/PDFL-RNA/NA-L/1uud/1uud_ligand.mol2,viral_tar,other_lig
1yrj,2.70,2005,IC50=0.2uM,2e-07,IC50,6.699,/home/stalin/Desktop/PDFL-RNA/NA-L/1yrj/1yrj_pocket.pdb,/home/stalin/Desktop/PDFL-RNA/NA-L/1yrj/1yrj_nucleic_acid.pdb,/home/stalin/Desktop/PDFL-RNA/NA-L/1yrj/1yrj_ligand.sdf,/home/stalin/Desktop/PDFL-RNA/NA-L/1yrj/1yrj_ligand.mol2,670,37,190,76,166,19,0,21,5,11,0,0,0,0,0,0,544.6230000000003,4.0,11.0,11.0,6.0,294.69999999999993,/home/stalin/Desktop/PDFL-RNA/NA-L/1yrj/1yrj_pocket.pdb,/home/stalin/Desktop/PDFL-RNA/NA-L/1yrj/1yrj_ligand.sdf,/home/stalin/Desktop/PDFL-RNA/NA-L/1yrj/1yrj_ligand.mol2,other_misc,other_lig
2bee,2.60,2005,Kd=0.10uM,1e-07,KD,7.0,/home/stalin/Desktop/PDFL-RNA/NA-L/2bee/2bee_pocket.pdb,/home/stalin/Desktop/PDFL-RNA/NA-L/2bee/2bee_nucleic_acid.pdb,/home/stalin/Desktop/PDFL-RNA/NA-L/2bee/2bee_ligand.sdf,/home/stalin/Desktop/PDFL-RNA/NA-L/2bee/2bee_ligand.mol2,801,49,228,93,193,24,0,28,7,14,0,0,0,0,0,0,719.8310000000005,4.0,14.0,15.0,15.0,387.0499999999999,/home/stalin/Desktop/PDFL-RNA/NA-L/2bee/2bee_pocket.pdb,/home/stalin/Desktop/PDFL-RNA/NA-L/2bee/2bee_ligand.sdf,/home/stalin/Desktop/PDFL-RNA/NA-L/2bee/2bee_ligand.mol2,ribosomal_asite,other_lig
2be0,2.63,2005,Kd=0.13uM,1.3e-07,KD,6.8861,/home/stalin/Desktop/PDFL-RNA/NA-L/2be0/2be0_pocket.pdb,/home/stalin/Desktop/PDFL-RNA/NA-L/2be0/2be0_nucleic_acid.pdb,/home/stalin/Desktop/PDFL-RNA/NA-L/2be0/2be0_ligand.sdf,/home/stalin/Desktop/PDFL-RNA/NA-L/2be0/2be0_ligand.mol2,797,52,228,93,189,24,0,31,7,14,0,0,0,0,0,0,755.8640000000004,5.0,13.0,15.0,15.0,373.9199999999999,/home/stalin/Desktop/PDFL-RNA/NA-L/2be0/2be0_pocket.pdb,/home/stalin/Desktop/PDFL-RNA/NA-L/2be0/2be0_ligand.sdf,/home/stalin/Desktop/PDFL-RNA/NA-L/2be0/2be0_ligand.mol2,ribosomal_asite,other_lig
1ykv,3.30,2005,Kd=10uM,1e-05,KD,5.0,/home/stalin/Desktop/PDFL-RNA/NA-L/1ykv/1ykv_pocket.pdb,/home/stalin/Desktop/PDFL-RNA/NA-L/1ykv/1ykv_nucleic_acid.pdb,/home/stalin/Desktop/PDFL-RNA/NA-L/1ykv/1ykv_ligand.sdf,/home/stalin/Desktop/PDFL-RNA/NA-L/1ykv/1ykv_ligand.mol2,914,28,269,114,195,28,0,24,1,3,0,0,0,0,0,0,375.4680000000002,6.0,1.0,3.0,5.0,57.61,/home/stalin/Desktop/PDFL-RNA/NA-L/1ykv/1ykv_pocket.pdb,/home/stalin/Desktop/PDFL-RNA/NA-L/1ykv/1ykv_ligand.sdf,/home/stalin/Desktop/PDFL-RNA/NA-L/1ykv/1ykv_ligand.mol2,other_misc,other_lig
2g5k,2.80,2006,Kd=0.5uM,5e-07,KD,6.301,/home/stalin/Desktop/PDFL-RNA/NA-L/2g5k/2g5k_pocket.pdb,/home/stalin/Desktop/PDFL-RNA/NA-L/2g5k/2g5k_nucleic_acid.pdb,/home/stalin/Desktop/PDFL-RNA/NA-L/2g5k/2g5k_ligand.sdf,/home/stalin/Desktop/PDFL-RNA/NA-L/2g5k/2g5k_ligand.mol2,746,37,209,90,165,22,0,21,5,11,0,0,0,0,0,0,544.6230000000003,4.0,11.0,11.0,6.0,294.69999999999993,/home/stalin/Desktop/PDFL-RNA/NA-L/2g5k/2g5k_pocket.pdb,/home/stalin/Desktop/PDFL-RNA/NA-L/2g5k/2g5k_ligand.sdf,/home/stalin/Desktop/PDFL-RNA/NA-L/2g5k/2g5k_ligand.mol2,ribosomal_asite,other_lig
2b57,2.15,2006,Kd=17nM,1.7e-08,KD,7.7696,/home/stalin/Desktop/PDFL-RNA/NA-L/2b57/2b57_pocket.pdb,/home/stalin/Desktop/PDFL-RNA/NA-L/2b57/2b57_nucleic_acid.pdb,/home/stalin/Desktop/PDFL-RNA/NA-L/2b57/2b57_ligand.sdf,/home/stalin/Desktop/PDFL-RNA/NA-L/2b57/2b57_ligand.mol2,791,11,207,92,181,22,0,5,6,0,0,0,0,0,0,0,150.14499999999998,2.0,3.0,5.0,0.0,106.5,/home/stalin/Desktop/PDFL-RNA/NA-L/2b57/2b57_pocket.pdb,/home/stalin/Desktop/PDFL-RNA/NA-L/2b57/2b57_ligand.sdf,/home/stalin/Desktop/PDFL-RNA/NA-L/2b57/2b57_ligand.mol2,riboswitch,purine
2f4s,2.80,2006,Kd=19uM,1.9e-05,KD,4.7212,/home/stalin/Desktop/PDFL-RNA/NA-L/2f4s/2f4s_pocket.pdb,/home/stalin/Desktop/PDFL-RNA/NA-L/2f4s/2f4s_nucleic_acid.pdb,/home/stalin/Desktop/PDFL-RNA/NA-L/2f4s/2f4s_ligand.sdf,/home/stalin/Desktop/PDFL-RNA/NA-L/2f4s/2f4s_ligand.mol2,621,22,181,74,139,19,0,12,4,6,0,0,0,0,0,0,326.394,2.0,8.0,6.0,3.0,209.94,/home/stalin/Desktop/PDFL-RNA/NA-L/2f4s/2f4s_pocket.pdb,/home/stalin/Desktop/PDFL-RNA/NA-L/2f4s/2f4s_ligand.sdf,/home/stalin/Desktop/PDFL-RNA/NA-L/2f4s/2f4s_ligand.mol2,ribosomal_asite,other_lig
2f4t,3.00,2006,Kd=2.2uM,2.2e-06,KD,5.6576,/home/stalin/Desktop/PDFL-RNA/NA-L/2f4t/2f4t_pocket.pdb,/home/stalin/Desktop/PDFL-RNA/NA-L/2f4t/2f4t_nucleic_acid.pdb,/home/stalin/Desktop/PDFL-RNA/NA-L/2f4t/2f4t_ligand.sdf,/home/stalin/Desktop/PDFL-RNA/NA-L/2f4t/2f4t_ligand.mol2,611,35,181,74,130,18,0,20,7,8,0,0,0,0,0,0,514.6450000000004,2.0,11.0,9.0,13.0,287.93999999999994,/home/stalin/Desktop/PDFL-RNA/NA-L/2f4t/2f4t_pocket.pdb,/home/stalin/Desktop/PDFL-RNA/NA-L/2f4t/2f4t_ligand.sdf,/home/stalin/Desktop/PDFL-RNA/NA-L/2f4t/2f4t_ligand.mol2,ribosomal_asite,other_lig
2g9c,1.70,2006,Kd=2uM,2e-06,KD,5.699,/home/stalin/Desktop/PDFL-RNA/NA-L/2g9c/2g9c_pocket.pdb,/home/stalin/Desktop/PDFL-RNA/NA-L/2g9c/2g9c_nucleic_acid.pdb,/home/stalin/Desktop/PDFL-RNA/NA-L/2g9c/2g9c_ligand.sdf,/home/stalin/Desktop/PDFL-RNA/NA-L/2g9c/2g9c_ligand.mol2,810,9,207,92,200,22,0,4,5,0,0,0,0,0,0,0,125.13499999999998,1.0,3.0,5.0,0.0,103.84,/home/stalin/Desktop/PDFL-RNA/NA-L/2g9c/2g9c_pocket.pdb,/home/stalin/Desktop/PDFL-RNA/NA-L/2g9c/2g9c_ligand.sdf,/home/stalin/Desktop/PDFL-RNA/NA-L/2g9c/2g9c_ligand.mol2,other_misc,other_lig
2f4u,2.60,2006,Kd=5.9uM,5.9e-06,KD,5.2291,/home/stalin/Desktop/PDFL-RNA/NA-L/2f4u/2f4u_pocket.pdb,/home/stalin/Desktop/PDFL-RNA/NA-L/2f4u/2f4u_nucleic_acid.pdb,/home/stalin/Desktop/PDFL-RNA/NA-L/2f4u/2f4u_ligand.sdf,/home/stalin/Desktop/PDFL-RNA/NA-L/2f4u/2f4u_ligand.mol2,661,36,191,79,153,19,0,21,6,9,0,0,0,0,0,0,529.6560000000005,2.0,11.0,9.0,14.0,285.11,/home/stalin/Desktop/PDFL-RNA/NA-L/2f4u/2f4u_pocket.pdb,/home/stalin/Desktop/PDFL-RNA/NA-L/2f4u/2f4u_ligand.sdf,/home/stalin/Desktop/PDFL-RNA/NA-L/2f4u/2f4u_ligand.mol2,ribosomal_asite,other_lig
2au4,NMR,2006,Kd=75nM,7.500000000000001e-08,KD,7.1249,/home/stalin/Desktop/PDFL-RNA/NA-L/2au4/2au4_pocket.pdb,/home/stalin/Desktop/PDFL-RNA/NA-L/2au4/2au4_nucleic_acid.pdb,/home/stalin/Desktop/PDFL-RNA/NA-L/2au4/2au4_ligand.sdf,/home/stalin/Desktop/PDFL-RNA/NA-L/2au4/2au4_ligand.mol2,850,32,252,110,180,26,0,10,5,14,0,0,0,0,0,3,519.1490000000002,3.0,4.0,17.0,8.0,310.4199999999999,/home/stalin/Desktop/PDFL-RNA/NA-L/2au4/2au4_pocket.pdb,/home/stalin/Desktop/PDFL-RNA/NA-L/2au4/2au4_ligand.sdf,/home/stalin/Desktop/PDFL-RNA/NA-L/2au4/2au4_ligand.mol2,aptamer,other_lig
2o3w,2.80,2007,Kd=2.6uM,2.6e-06,KD,5.585,/home/stalin/Desktop/PDFL-RNA/NA-L/2o3w/2o3w_pocket.pdb,/home/stalin/Desktop/PDFL-RNA/NA-L/2o3w/2o3w_nucleic_acid.pdb,/home/stalin/Desktop/PDFL-RNA/NA-L/2o3w/2o3w_ligand.sdf,/home/stalin/Desktop/PDFL-RNA/NA-L/2o3w/2o3w_ligand.mol2,685,42,200,82,154,21,0,23,5,14,0,0,0,0,0,0,620.6740000000003,4.0,13.0,14.0,9.0,355.4199999999999,/home/stalin/Desktop/PDFL-RNA/NA-L/2o3w/2o3w_pocket.pdb,/home/stalin/Desktop/PDFL-RNA/NA-L/2o3w/2o3w_ligand.sdf,/home/stalin/Desktop/PDFL-RNA/NA-L/2o3w/2o3w_ligand.mol2,ribosomal_asite,other_lig
2o3x,2.90,2007,Kd=50uM,5e-05,KD,4.301,/home/stalin/Desktop/PDFL-RNA/NA-L/2o3x/2o3x_pocket.pdb,/home/stalin/Desktop/PDFL-RNA/NA-L/2o3x/2o3x_nucleic_acid.pdb,/home/stalin/Desktop/PDFL-RNA/NA-L/2o3x/2o3x_ligand.sdf,/home/stalin/Desktop/PDFL-RNA/NA-L/2o3x/2o3x_ligand.mol2,648,31,191,79,139,20,0,17,4,10,0,0,0,0,0,0,458.5090000000001,3.0,10.0,10.0,6.0,268.86,/home/stalin/Desktop/PDFL-RNA/NA-L/2o3x/2o3x_pocket.pdb,/home/stalin/Desktop/PDFL-RNA/NA-L/2o3x/2o3x_ligand.sdf,/home/stalin/Desktop/PDFL-RNA/NA-L/2o3x/2o3x_ligand.mol2,ribosomal_asite,other_lig
3e5c,2.25,2008,Kd=0.57nM,5.7e-10,KD,9.2441,/home/stalin/Desktop/PDFL-RNA/NA-L/3e5c/3e5c_pocket.pdb,/home/stalin/Desktop/PDFL-RNA/NA-L/3e5c/3e5c_nucleic_acid.pdb,/home/stalin/Desktop/PDFL-RNA/NA-L/3e5c/3e5c_ligand.sdf,/home/stalin/Desktop/PDFL-RNA/NA-L/3e5c/3e5c_ligand.mol2,847,27,240,101,203,25,0,15,6,5,1,0,0,0,0,0,399.45300000000015,3.0,4.0,9.0,7.0,187.08,/home/stalin/Desktop/PDFL-RNA/NA-L/3e5c/3e5c_pocket.pdb,/home/stalin/Desktop/PDFL-RNA/NA-L/3e5c/3e5c_ligand.sdf,/home/stalin/Desktop/PDFL-RNA/NA-L/3e5c/3e5c_ligand.mol2,riboswitch,SAM_SAH
3fo4,1.90,2009,Kd=0.72uM,7.2e-07,KD,6.1427,/home/stalin/Desktop/PDFL-RNA/NA-L/3fo4/3fo4_pocket.pdb,/home/stalin/Desktop/PDFL-RNA/NA-L/3fo4/3fo4_nucleic_acid.pdb,/home/stalin/Desktop/PDFL-RNA/NA-L/3fo4/3fo4_ligand.sdf,/home/stalin/Desktop/PDFL-RNA/NA-L/3fo4/3fo4_ligand.mol2,795,11,207,92,185,22,0,5,5,0,0,0,1,0,0,0,169.575,2.0,2.0,4.0,0.0,80.48,/home/stalin/Desktop/PDFL-RNA/NA-L/3fo4/3fo4_pocket.pdb,/home/stalin/Desktop/PDFL-RNA/NA-L/3fo4/3fo4_ligand.sdf,/home/stalin/Desktop/PDFL-RNA/NA-L/3fo4/3fo4_ligand.mol2,riboswitch,purine
3ger,1.70,2009,Kd=0.89uM,8.9e-07,KD,6.0506,/home/stalin/Desktop/PDFL-RNA/NA-L/3ger/3ger_pocket.pdb,/home/stalin/Desktop/PDFL-RNA/NA-L/3ger/3ger_nucleic_acid.pdb,/home/stalin/Desktop/PDFL-RNA/NA-L/3ger/3ger_ligand.sdf,/home/stalin/Desktop/PDFL-RNA/NA-L/3ger/3ger_ligand.mol2,804,11,207,93,192,22,0,5,5,0,0,0,1,0,0,0,169.575,2.0,2.0,4.0,0.0,80.48,/home/stalin/Desktop/PDFL-RNA/NA-L/3ger/3ger_pocket.pdb,/home/stalin/Desktop/PDFL-RNA/NA-L/3ger/3ger_ligand.sdf,/home/stalin/Desktop/PDFL-RNA/NA-L/3ger/3ger_ligand.mol2,riboswitch,purine
2kgp,NMR,2009,Kd=1uM,1e-06,KD,6.0,/home/stalin/Desktop/PDFL-RNA/NA-L/2kgp/2kgp_pocket.pdb,/home/stalin/Desktop/PDFL-RNA/NA-L/2kgp/2kgp_nucleic_acid.pdb,/home/stalin/Desktop/PDFL-RNA/NA-L/2kgp/2kgp_ligand.sdf,/home/stalin/Desktop/PDFL-RNA/NA-L/2kgp/2kgp_ligand.mol2,419,32,124,51,89,12,0,22,4,6,0,0,0,0,0,0,446.5040000000005,3.0,8.0,8.0,12.0,172.34000000000003,/home/stalin/Desktop/PDFL-RNA/NA-L/2kgp/2kgp_pocket.pdb,/home/stalin/Desktop/PDFL-RNA/NA-L/2kgp/2kgp_ligand.sdf,/home/stalin/Desktop/PDFL-RNA/NA-L/2kgp/2kgp_ligand.mol2,riboswitch,purine
3fu2,2.85,2009,Kd=20nM,2e-08,KD,7.699,/home/stalin/Desktop/PDFL-RNA/NA-L/3fu2/3fu2_pocket.pdb,/home/stalin/Desktop/PDFL-RNA/NA-L/3fu2/3fu2_nucleic_acid.pdb,/home/stalin/Desktop/PDFL-RNA/NA-L/3fu2/3fu2_ligand.sdf,/home/stalin/Desktop/PDFL-RNA/NA-L/3fu2/3fu2_ligand.mol2,716,13,210,85,158,23,0,7,5,1,0,0,0,0,0,0,180.191,2.0,4.0,3.0,1.0,115.2,/home/stalin/Desktop/PDFL-RNA/NA-L/3fu2/3fu2_pocket.pdb,/home/stalin/Desktop/PDFL-RNA/NA-L/3fu2/3fu2_ligand.sdf,/home/stalin/Desktop/PDFL-RNA/NA-L/3fu2/3fu2_ligand.mol2,riboswitch,FMN_FAD
3ges,2.15,2009,Kd=20uM,2e-05,KD,4.699,/home/stalin/Desktop/PDFL-RNA/NA-L/3ges/3ges_pocket.pdb,/home/stalin/Desktop/PDFL-RNA/NA-L/3ges/3ges_nucleic_acid.pdb,/home/stalin/Desktop/PDFL-RNA/NA-L/3ges/3ges_ligand.sdf,/home/stalin/Desktop/PDFL-RNA/NA-L/3ges/3ges_ligand.mol2,843,12,226,100,182,24,0,6,5,1,0,0,0,0,0,0,165.15599999999998,2.0,2.0,5.0,1.0,89.71,/home/stalin/Desktop/PDFL-RNA/NA-L/3ges/3ges_pocket.pdb,/home/stalin/Desktop/PDFL-RNA/NA-L/3ges/3ges_ligand.sdf,/home/stalin/Desktop/PDFL-RNA/NA-L/3ges/3ges_ligand.mol2,riboswitch,purine
3fo6,1.90,2009,Kd=23uM,2.3e-05,KD,4.6383,/home/stalin/Desktop/PDFL-RNA/NA-L/3fo6/3fo6_pocket.pdb,/home/stalin/Desktop/PDFL-RNA/NA-L/3fo6/3fo6_nucleic_acid.pdb,/home/stalin/Desktop/PDFL-RNA/NA-L/3fo6/3fo6_ligand.sdf,/home/stalin/Desktop/PDFL-RNA/NA-L/3fo6/3fo6_ligand.mol2,864,12,226,101,201,24,0,6,5,1,0,0,0,0,0,0,165.15599999999998,2.0,2.0,5.0,1.0,89.71,/home/stalin/Desktop/PDFL-RNA/NA-L/3fo6/3fo6_pocket.pdb,/home/stalin/Desktop/PDFL-RNA/NA-L/3fo6/3fo6_ligand.sdf,/home/stalin/Desktop/PDFL-RNA/NA-L/3fo6/3fo6_ligand.mol2,riboswitch,purine
3gog,2.10,2009,Kd=24uM,2.4e-05,KD,4.6198,/home/stalin/Desktop/PDFL-RNA/NA-L/3gog/3gog_pocket.pdb,/home/stalin/Desktop/PDFL-RNA/NA-L/3gog/3gog_nucleic_acid.pdb,/home/stalin/Desktop/PDFL-RNA/NA-L/3gog/3gog_ligand.sdf,/home/stalin/Desktop/PDFL-RNA/NA-L/3gog/3gog_ligand.mol2,753,11,207,82,189,22,0,5,5,0,0,0,1,0,0,0,169.575,2.0,2.0,4.0,0.0,80.48,/home/stalin/Desktop/PDFL-RNA/NA-L/3gog/3gog_pocket.pdb,/home/stalin/Desktop/PDFL-RNA/NA-L/3gog/3gog_ligand.sdf,/home/stalin/Desktop/PDFL-RNA/NA-L/3gog/3gog_ligand.mol2,riboswitch,purine
2kdq,NMR,2009,Kd=30nM,3.0000000000000004e-08,KD,7.5229,/home/stalin/Desktop/PDFL-RNA/NA-L/2kdq/2kdq_pocket.pdb,/home/stalin/Desktop/PDFL-RNA/NA-L/2kdq/2kdq_nucleic_acid.pdb,/home/stalin/Desktop/PDFL-RNA/NA-L/2kdq/2kdq_ligand.sdf,/home/stalin/Desktop/PDFL-RNA/NA-L/2kdq/2kdq_ligand.mol2,767,123,227,88,170,24,0,75,33,15,0,0,0,0,0,0,1750.2090000000003,3.0,32.0,15.0,34.0,819.5299999999999,/home/stalin/Desktop/PDFL-RNA/NA-L/2kdq/2kdq_pocket.pdb,/home/stalin/Desktop/PDFL-RNA/NA-L/2kdq/2kdq_ligand.sdf,/home/stalin/Desktop/PDFL-RNA/NA-L/2kdq/2kdq_ligand.mol2,viral_tar,other_lig
3ds7,1.85,2009,Kd=39uM,3.9e-05,KD,4.4089,/home/stalin/Desktop/PDFL-RNA/NA-L/3ds7/3ds7_pocket.pdb,/home/stalin/Desktop/PDFL-RNA/NA-L/3ds7/3ds7_nucleic_acid.pdb,/home/stalin/Desktop/PDFL-RNA/NA-L/3ds7/3ds7_ligand.sdf,/home/stalin/Desktop/PDFL-RNA/NA-L/3ds7/3ds7_ligand.mol2,745,19,209,83,194,22,0,10,5,4,0,0,0,0,0,0,267.245,3.0,4.0,7.0,2.0,139.28000000000003,/home/stalin/Desktop/PDFL-RNA/NA-L/3ds7/3ds7_pocket.pdb,/home/stalin/Desktop/PDFL-RNA/NA-L/3ds7/3ds7_ligand.sdf,/home/stalin/Desktop/PDFL-RNA/NA-L/3ds7/3ds7_ligand.mol2,other_misc,other_lig
3gao,1.90,2009,Kd=39uM,3.9e-05,KD,4.4089,/home/stalin/Desktop/PDFL-RNA/NA-L/3gao/3gao_pocket.pdb,/home/stalin/Desktop/PDFL-RNA/NA-L/3gao/3gao_nucleic_acid.pdb,/home/stalin/Desktop/PDFL-RNA/NA-L/3gao/3gao_ligand.sdf,/home/stalin/Desktop/PDFL-RNA/NA-L/3gao/3gao_ligand.mol2,812,11,207,93,199,22,0,5,4,2,0,0,0,0,0,0,152.11299999999997,2.0,3.0,3.0,0.0,94.4,/home/stalin/Desktop/PDFL-RNA/NA-L/3gao/3gao_pocket.pdb,/home/stalin/Desktop/PDFL-RNA/NA-L/3gao/3gao_ligand.sdf,/home/stalin/Desktop/PDFL-RNA/NA-L/3gao/3gao_ligand.mol2,riboswitch,purine
3g4m,2.40,2009,Kd=4.4uM,4.4e-06,KD,5.3565,/home/stalin/Desktop/PDFL-RNA/NA-L/3g4m/3g4m_pocket.pdb,/home/stalin/Desktop/PDFL-RNA/NA-L/3g4m/3g4m_nucleic_acid.pdb,/home/stalin/Desktop/PDFL-RNA/NA-L/3g4m/3g4m_ligand.sdf,/home/stalin/Desktop/PDFL-RNA/NA-L/3g4m/3g4m_ligand.mol2,753,10,207,87,166,22,0,5,5,0,0,0,0,0,0,0,135.12999999999997,2.0,2.0,4.0,0.0,80.48,/home/stalin/Desktop/PDFL-RNA/NA-L/3g4m/3g4m_pocket.pdb,/home/stalin/Desktop/PDFL-RNA/NA-L/3g4m/3g4m_ligand.sdf,/home/stalin/Desktop/PDFL-RNA/NA-L/3g4m/3g4m_ligand.mol2,riboswitch,purine
3got,1.95,2009,Kd=4uM,4e-06,KD,5.3979,/home/stalin/Desktop/PDFL-RNA/NA-L/3got/3got_pocket.pdb,/home/stalin/Desktop/PDFL-RNA/NA-L/3got/3got_nucleic_acid.pdb,/home/stalin/Desktop/PDFL-RNA/NA-L/3got/3got_ligand.sdf,/home/stalin/Desktop/PDFL-RNA/NA-L/3got/3got_ligand.mol2,757,11,198,89,171,21,0,5,5,0,0,1,0,0,0,0,153.12,2.0,2.0,4.0,0.0,80.48,/home/stalin/Desktop/PDFL-RNA/NA-L/3got/3got_pocket.pdb,/home/stalin/Desktop/PDFL-RNA/NA-L/3got/3got_ligand.sdf,/home/stalin/Desktop/PDFL-RNA/NA-L/3got/3got_ligand.mol2,riboswitch,purine
3jq4,3.52,2010,IC50=10uM,1e-05,IC50,5.0,/home/stalin/Desktop/PDFL-RNA/NA-L/3jq4/3jq4_pocket.pdb,/home/stalin/Desktop/PDFL-RNA/NA-L/3jq4/3jq4_nucleic_acid.pdb,/home/stalin/Desktop/PDFL-RNA/NA-L/3jq4/3jq4_ligand.sdf,/home/stalin/Desktop/PDFL-RNA/NA-L/3jq4/3jq4_ligand.mol2,1393,33,413,175,295,43,0,25,1,7,0,0,0,0,0,0,459.5390000000002,3.0,3.0,7.0,2.0,130.0,/home/stalin/Desktop/PDFL-RNA/NA-L/3jq4/3jq4_pocket.pdb,/home/stalin/Desktop/PDFL-RNA/NA-L/3jq4/3jq4_ligand.sdf,/home/stalin/Desktop/PDFL-RNA/NA-L/3jq4/3jq4_ligand.mol2,other_misc,other_lig
3mum,2.90,2010,Kd=0.21nM,2.1e-10,KD,9.6778,/home/stalin/Desktop/PDFL-RNA/NA-L/3mum/3mum_pocket.pdb,/home/stalin/Desktop/PDFL-RNA/NA-L/3mum/3mum_nucleic_acid.pdb,/home/stalin/Desktop/PDFL-RNA/NA-L/3mum/3mum_ligand.sdf,/home/stalin/Desktop/PDFL-RNA/NA-L/3mum/3mum_ligand.mol2,960,46,280,124,207,29,0,20,10,14,0,0,0,0,0,2,688.4,7.0,6.0,20.0,2.0,355.2799999999999,/home/stalin/Desktop/PDFL-RNA/NA-L/3mum/3mum_pocket.pdb,/home/stalin/Desktop/PDFL-RNA/NA-L/3mum/3mum_ligand.sdf,/home/stalin/Desktop/PDFL-RNA/NA-L/3mum/3mum_ligand.mol2,riboswitch,TPP
3mxh,2.30,2010,Kd=11pM,1.0999999999999999e-11,KD,10.9586,/home/stalin/Desktop/PDFL-RNA/NA-L/3mxh/3mxh_pocket.pdb,/home/stalin/Desktop/PDFL-RNA/NA-L/3mxh/3mxh_nucleic_acid.pdb,/home/stalin/Desktop/PDFL-RNA/NA-L/3mxh/3mxh_ligand.sdf,/home/stalin/Desktop/PDFL-RNA/NA-L/3mxh/3mxh_ligand.mol2,995,46,280,124,242,29,0,20,10,14,0,0,0,0,0,2,688.4,7.0,6.0,20.0,2.0,355.2799999999999,/home/stalin/Desktop/PDFL-RNA/NA-L/3mxh/3mxh_pocket.pdb,/home/stalin/Desktop/PDFL-RNA/NA-L/3mxh/3mxh_ligand.sdf,/home/stalin/Desktop/PDFL-RNA/NA-L/3mxh/3mxh_ligand.mol2,riboswitch,TPP
3mur,3.00,2010,Kd=15nM,1.5000000000000002e-08,KD,7.8239,/home/stalin/Desktop/PDFL-RNA/NA-L/3mur/3mur_pocket.pdb,/home/stalin/Desktop/PDFL-RNA/NA-L/3mur/3mur_nucleic_acid.pdb,/home/stalin/Desktop/PDFL-RNA/NA-L/3mur/3mur_ligand.sdf,/home/stalin/Desktop/PDFL-RNA/NA-L/3mur/3mur_ligand.mol2,953,46,280,123,203,29,0,20,10,14,0,0,0,0,0,2,688.4,7.0,6.0,20.0,2.0,355.2799999999999,/home/stalin/Desktop/PDFL-RNA/NA-L/3mur/3mur_pocket.pdb,/home/stalin/Desktop/PDFL-RNA/NA-L/3mur/3mur_ligand.sdf,/home/stalin/Desktop/PDFL-RNA/NA-L/3mur/3mur_ligand.mol2,riboswitch,TPP
3la5,1.70,2010,Kd=1uM,1e-06,KD,6.0,/home/stalin/Desktop/PDFL-RNA/NA-L/3la5/3la5_pocket.pdb,/home/stalin/Desktop/PDFL-RNA/NA-L/3la5/3la5_nucleic_acid.pdb,/home/stalin/Desktop/PDFL-RNA/NA-L/3la5/3la5_ligand.sdf,/home/stalin/Desktop/PDFL-RNA/NA-L/3la5/3la5_ligand.mol2,728,9,198,74,208,21,0,3,4,1,0,0,0,0,0,0,112.09199999999996,1.0,3.0,3.0,0.0,85.38999999999999,/home/stalin/Desktop/PDFL-RNA/NA-L/3la5/3la5_pocket.pdb,/home/stalin/Desktop/PDFL-RNA/NA-L/3la5/3la5_ligand.sdf,/home/stalin/Desktop/PDFL-RNA/NA-L/3la5/3la5_ligand.mol2,riboswitch,other_lig
2ku0,NMR,2010,Kd=2.6uM,2.6e-06,KD,5.585,/home/stalin/Desktop/PDFL-RNA/NA-L/2ku0/2ku0_pocket.pdb,/home/stalin/Desktop/PDFL-RNA/NA-L/2ku0/2ku0_nucleic_acid.pdb,/home/stalin/Desktop/PDFL-RNA/NA-L/2ku0/2ku0_ligand.sdf,/home/stalin/Desktop/PDFL-RNA/NA-L/2ku0/2ku0_ligand.mol2,675,23,200,81,146,21,0,17,5,1,0,0,0,0,0,0,320.46100000000007,3.0,3.0,2.0,6.0,63.2,/home/stalin/Desktop/PDFL-RNA/NA-L/2ku0/2ku0_pocket.pdb,/home/stalin/Desktop/PDFL-RNA/NA-L/2ku0/2ku0_ligand.sdf,/home/stalin/Desktop/PDFL-RNA/NA-L/2ku0/2ku0_ligand.mol2,other_misc,other_lig
3owz,2.95,2010,Kd=3.5uM,3.5e-06,KD,5.4559,/home/stalin/Desktop/PDFL-RNA/NA-L/3owz/3owz_pocket.pdb,/home/stalin/Desktop/PDFL-RNA/NA-L/3owz/3owz_nucleic_acid.pdb,/home/stalin/Desktop/PDFL-RNA/NA-L/3owz/3owz_ligand.sdf,/home/stalin/Desktop/PDFL-RNA/NA-L/3owz/3owz_ligand.mol2,912,5,244,129,181,25,0,2,1,2,0,0,0,0,0,0,75.06700000000001,0.0,1.0,2.0,1.0,67.77,/home/stalin/Desktop/PDFL-RNA/NA-L/3owz/3owz_pocket.pdb,/home/stalin/Desktop/PDFL-RNA/NA-L/3owz/3owz_ligand.sdf,/home/stalin/Desktop/PDFL-RNA/NA-L/3owz/3owz_ligand.mol2,riboswitch,other_lig
3npn,2.79,2010,Kd=32nM,3.2e-08,KD,7.4949,/home/stalin/Desktop/PDFL-RNA/NA-L/3npn/3npn_pocket.pdb,/home/stalin/Desktop/PDFL-RNA/NA-L/3npn/3npn_nucleic_acid.pdb,/home/stalin/Desktop/PDFL-RNA/NA-L/3npn/3npn_ligand.sdf,/home/stalin/Desktop/PDFL-RNA/NA-L/3npn/3npn_ligand.mol2,746,26,221,94,157,23,0,14,6,5,1,0,0,0,0,0,384.4180000000001,3.0,4.0,10.0,7.0,187.08,/home/stalin/Desktop/PDFL-RNA/NA-L/3npn/3npn_pocket.pdb,/home/stalin/Desktop/PDFL-RNA/NA-L/3npn/3npn_ligand.sdf,/home/stalin/Desktop/PDFL-RNA/NA-L/3npn/3npn_ligand.mol2,riboswitch,SAM_SAH
2kx8,NMR,2010,Kd=6.31uM,6.31e-06,KD,5.2,/home/stalin/Desktop/PDFL-RNA/NA-L/2kx8/2kx8_pocket.pdb,/home/stalin/Desktop/PDFL-RNA/NA-L/2kx8/2kx8_nucleic_acid.pdb,/home/stalin/Desktop/PDFL-RNA/NA-L/2kx8/2kx8_ligand.sdf,/home/stalin/Desktop/PDFL-RNA/NA-L/2kx8/2kx8_ligand.mol2,576,12,170,66,128,18,0,6,4,2,0,0,0,0,0,0,175.212,0.0,4.0,2.0,5.0,131.41,/home/stalin/Desktop/PDFL-RNA/NA-L/2kx8/2kx8_pocket.pdb,/home/stalin/Desktop/PDFL-RNA/NA-L/2kx8/2kx8_ligand.sdf,/home/stalin/Desktop/PDFL-RNA/NA-L/2kx8/2kx8_ligand.mol2,other_misc,other_lig
2ktz,NMR,2010,Kd=9uM,9e-06,KD,5.0458,/home/stalin/Desktop/PDFL-RNA/NA-L/2ktz/2ktz_pocket.pdb,/home/stalin/Desktop/PDFL-RNA/NA-L/2ktz/2ktz_nucleic_acid.pdb,/home/stalin/Desktop/PDFL-RNA/NA-L/2ktz/2ktz_ligand.sdf,/home/stalin/Desktop/PDFL-RNA/NA-L/2ktz/2ktz_ligand.mol2,674,23,200,80,147,21,0,17,5,1,0,0,0,0,0,0,320.46100000000007,3.0,3.0,2.0,6.0,63.2,/home/stalin/Desktop/PDFL-RNA/NA-L/2ktz/2ktz_pocket.pdb,/home/stalin/Desktop/PDFL-RNA/NA-L/2ktz/2ktz_ligand.sdf,/home/stalin/Desktop/PDFL-RNA/NA-L/2ktz/2ktz_ligand.mol2,other_misc,other_lig
2ygh,2.60,2011,Kd=0.31uM,3.1e-07,KD,6.5086,/home/stalin/Desktop/PDFL-RNA/NA-L/2ygh/2ygh_pocket.pdb,/home/stalin/Desktop/PDFL-RNA/NA-L/2ygh/2ygh_nucleic_acid.pdb,/home/stalin/Desktop/PDFL-RNA/NA-L/2ygh/2ygh_ligand.sdf,/home/stalin/Desktop/PDFL-RNA/NA-L/2ygh/2ygh_ligand.mol2,1040,27,307,128,225,32,0,15,6,5,1,0,0,0,0,0,399.45300000000015,3.0,4.0,9.0,7.0,187.08,/home/stalin/Desktop/PDFL-RNA/NA-L/2ygh/2ygh_pocket.pdb,/home/stalin/Desktop/PDFL-RNA/NA-L/2ygh/2ygh_ligand.sdf,/home/stalin/Desktop/PDFL-RNA/NA-L/2ygh/2ygh_ligand.mol2,riboswitch,SAM_SAH
2ydh,2.90,2011,Kd=1.95uM,1.95e-06,KD,5.71,/home/stalin/Desktop/PDFL-RNA/NA-L/2ydh/2ydh_pocket.pdb,/home/stalin/Desktop/PDFL-RNA/NA-L/2ydh/2ydh_nucleic_acid.pdb,/home/stalin/Desktop/PDFL-RNA/NA-L/2ydh/2ydh_ligand.sdf,/home/stalin/Desktop/PDFL-RNA/NA-L/2ydh/2ydh_ligand.mol2,966,27,286,115,210,30,0,15,6,5,1,0,0,0,0,0,399.45300000000015,3.0,4.0,9.0,7.0,187.08,/home/stalin/Desktop/PDFL-RNA/NA-L/2ydh/2ydh_pocket.pdb,/home/stalin/Desktop/PDFL-RNA/NA-L/2ydh/2ydh_ligand.sdf,/home/stalin/Desktop/PDFL-RNA/NA-L/2ydh/2ydh_ligand.mol2,riboswitch,SAM_SAH
2xo1,1.60,2011,Kd=100uM,0.0001,KD,4.0,/home/stalin/Desktop/PDFL-RNA/NA-L/2xo1/2xo1_pocket.pdb,/home/stalin/Desktop/PDFL-RNA/NA-L/2xo1/2xo1_nucleic_acid.pdb,/home/stalin/Desktop/PDFL-RNA/NA-L/2xo1/2xo1_ligand.sdf,/home/stalin/Desktop/PDFL-RNA/NA-L/2xo1/2xo1_ligand.mol2,738,11,198,83,177,21,0,6,5,0,0,0,0,0,0,0,149.15699999999998,2.0,2.0,4.0,1.0,66.49000000000001,/home/stalin/Desktop/PDFL-RNA/NA-L/2xo1/2xo1_pocket.pdb,/home/stalin/Desktop/PDFL-RNA/NA-L/2xo1/2xo1_ligand.sdf,/home/stalin/Desktop/PDFL-RNA/NA-L/2xo1/2xo1_ligand.mol2,aptamer,other_lig
2xnz,1.59,2011,Kd=110uM,0.0001099999999999,KD,3.9586,/home/stalin/Desktop/PDFL-RNA/NA-L/2xnz/2xnz_pocket.pdb,/home/stalin/Desktop/PDFL-RNA/NA-L/2xnz/2xnz_nucleic_acid.pdb,/home/stalin/Desktop/PDFL-RNA/NA-L/2xnz/2xnz_ligand.sdf,/home/stalin/Desktop/PDFL-RNA/NA-L/2xnz/2xnz_ligand.mol2,778,9,217,85,190,23,0,4,5,0,0,0,0,0,0,0,125.13499999999998,1.0,2.0,5.0,0.0,90.71,/home/stalin/Desktop/PDFL-RNA/NA-L/2xnz/2xnz_pocket.pdb,/home/stalin/Desktop/PDFL-RNA/NA-L/2xnz/2xnz_ligand.sdf,/home/stalin/Desktop/PDFL-RNA/NA-L/2xnz/2xnz_ligand.mol2,aptamer,other_lig
3sd3,1.95,2011,Kd=18uM,1.8e-05,KD,4.7447,/home/stalin/Desktop/PDFL-RNA/NA-L/3sd3/3sd3_pocket.pdb,/home/stalin/Desktop/PDFL-RNA/NA-L/3sd3/3sd3_nucleic_acid.pdb,/home/stalin/Desktop/PDFL-RNA/NA-L/3sd3/3sd3_ligand.sdf,/home/stalin/Desktop/PDFL-RNA/NA-L/3sd3/3sd3_ligand.mol2,790,22,210,95,178,22,0,14,6,2,0,0,0,0,0,0,300.32200000000006,3.0,4.0,6.0,4.0,116.14,/home/stalin/Desktop/PDFL-RNA/NA-L/3sd3/3sd3_pocket.pdb,/home/stalin/Desktop/PDFL-RNA/NA-L/3sd3/3sd3_ligand.sdf,/home/stalin/Desktop/PDFL-RNA/NA-L/3sd3/3sd3_ligand.mol2,riboswitch,FMN_FAD
3q50,2.75,2011,Kd=2.05nM,2.0499999999999997e-09,KD,8.6882,/home/stalin/Desktop/PDFL-RNA/NA-L/3q50/3q50_pocket.pdb,/home/stalin/Desktop/PDFL-RNA/NA-L/3q50/3q50_nucleic_acid.pdb,/home/stalin/Desktop/PDFL-RNA/NA-L/3q50/3q50_ligand.sdf,/home/stalin/Desktop/PDFL-RNA/NA-L/3q50/3q50_ligand.mol2,713,13,212,92,147,22,0,7,5,1,0,0,0,0,0,0,180.191,2.0,4.0,3.0,1.0,115.2,/home/stalin/Desktop/PDFL-RNA/NA-L/3q50/3q50_pocket.pdb,/home/stalin/Desktop/PDFL-RNA/NA-L/3q50/3q50_ligand.sdf,/home/stalin/Desktop/PDFL-RNA/NA-L/3q50/3q50_ligand.mol2,riboswitch,FMN_FAD
3q3z,2.51,2011,Kd=2.2nM,2.2000000000000003e-09,KD,8.6576,/home/stalin/Desktop/PDFL-RNA/NA-L/3q3z/3q3z_pocket.pdb,/home/stalin/Desktop/PDFL-RNA/NA-L/3q3z/3q3z_nucleic_acid.pdb,/home/stalin/Desktop/PDFL-RNA/NA-L/3q3z/3q3z_ligand.sdf,/home/stalin/Desktop/PDFL-RNA/NA-L/3q3z/3q3z_ligand.mol2,968,46,278,116,227,29,0,20,10,14,0,0,0,0,0,2,688.4,7.0,6.0,20.0,2.0,355.2799999999999,/home/stalin/Desktop/PDFL-RNA/NA-L/3q3z/3q3z_pocket.pdb,/home/stalin/Desktop/PDFL-RNA/NA-L/3q3z/3q3z_ligand.sdf,/home/stalin/Desktop/PDFL-RNA/NA-L/3q3z/3q3z_ligand.mol2,riboswitch,TPP
2l94,NMR,2011,Kd=360uM,0.0003599999999999,KD,3.4437,/home/stalin/Desktop/PDFL-RNA/NA-L/2l94/2l94_pocket.pdb,/home/stalin/Desktop/PDFL-RNA/NA-L/2l94/2l94_nucleic_acid.pdb,/home/stalin/Desktop/PDFL-RNA/NA-L/2l94/2l94_ligand.sdf,/home/stalin/Desktop/PDFL-RNA/NA-L/2l94/2l94_ligand.mol2,939,24,278,117,200,29,0,18,6,0,0,0,0,0,0,0,336.5280000000002,1.0,6.0,0.0,10.0,84.11999999999999,/home/stalin/Desktop/PDFL-RNA/NA-L/2l94/2l94_pocket.pdb,/home/stalin/Desktop/PDFL-RNA/NA-L/2l94/2l94_ligand.sdf,/home/stalin/Desktop/PDFL-RNA/NA-L/2l94/2l94_ligand.mol2,other_misc,other_lig
2xnw,1.50,2011,Kd=370uM,0.00037,KD,3.4318,/home/stalin/Desktop/PDFL-RNA/NA-L/2xnw/2xnw_pocket.pdb,/home/stalin/Desktop/PDFL-RNA/NA-L/2xnw/2xnw_nucleic_acid.pdb,/home/stalin/Desktop/PDFL-RNA/NA-L/2xnw/2xnw_ligand.sdf,/home/stalin/Desktop/PDFL-RNA/NA-L/2xnw/2xnw_ligand.mol2,758,10,207,80,198,22,0,3,7,0,0,0,0,0,0,0,139.122,2.0,3.0,5.0,0.0,110.91,/home/stalin/Desktop/PDFL-RNA/NA-L/2xnw/2xnw_pocket.pdb,/home/stalin/Desktop/PDFL-RNA/NA-L/2xnw/2xnw_ligand.sdf,/home/stalin/Desktop/PDFL-RNA/NA-L/2xnw/2xnw_ligand.mol2,aptamer,other_lig
3slm,2.70,2011,Kd=379uM,0.000379,KD,3.4214,/home/stalin/Desktop/PDFL-RNA/NA-L/3slm/3slm_pocket.pdb,/home/stalin/Desktop/PDFL-RNA/NA-L/3slm/3slm_nucleic_acid.pdb,/home/stalin/Desktop/PDFL-RNA/NA-L/3slm/3slm_ligand.sdf,/home/stalin/Desktop/PDFL-RNA/NA-L/3slm/3slm_ligand.mol2,801,23,237,94,175,25,0,10,5,7,0,0,0,0,0,1,345.20800000000014,3.0,3.0,10.0,4.0,191.47000000000003,/home/stalin/Desktop/PDFL-RNA/NA-L/3slm/3slm_pocket.pdb,/home/stalin/Desktop/PDFL-RNA/NA-L/3slm/3slm_ligand.sdf,/home/stalin/Desktop/PDFL-RNA/NA-L/3slm/3slm_ligand.mol2,other_misc,other_lig
2xo0,1.70,2011,Kd=80uM,7.999999999999999e-05,KD,4.0969,/home/stalin/Desktop/PDFL-RNA/NA-L/2xo0/2xo0_pocket.pdb,/home/stalin/Desktop/PDFL-RNA/NA-L/2xo0/2xo0_nucleic_acid.pdb,/home/stalin/Desktop/PDFL-RNA/NA-L/2xo0/2xo0_ligand.sdf,/home/stalin/Desktop/PDFL-RNA/NA-L/2xo0/2xo0_ligand.mol2,734,8,207,80,172,22,0,3,5,0,0,0,0,0,0,0,111.10799999999998,1.0,2.0,5.0,0.0,90.71,/home/stalin/Desktop/PDFL-RNA/NA-L/2xo0/2xo0_pocket.pdb,/home/stalin/Desktop/PDFL-RNA/NA-L/2xo0/2xo0_ligand.sdf,/home/stalin/Desktop/PDFL-RNA/NA-L/2xo0/2xo0_ligand.mol2,aptamer,other_lig
3s4p,2.56,2011,Ki=1.0uM,1e-06,KI,6.0,/home/stalin/Desktop/PDFL-RNA/NA-L/3s4p/3s4p_pocket.pdb,/home/stalin/Desktop/PDFL-RNA/NA-L/3s4p/3s4p_nucleic_acid.pdb,/home/stalin/Desktop/PDFL-RNA/NA-L/3s4p/3s4p_ligand.sdf,/home/stalin/Desktop/PDFL-RNA/NA-L/3s4p/3s4p_ligand.mol2,766,53,219,90,182,23,0,33,6,14,0,0,0,0,0,0,768.9030000000005,5.0,13.0,14.0,16.0,361.0299999999999,/home/stalin/Desktop/PDFL-RNA/NA-L/3s4p/3s4p_pocket.pdb,/home/stalin/Desktop/PDFL-RNA/NA-L/3s4p/3s4p_ligand.sdf,/home/stalin/Desktop/PDFL-RNA/NA-L/3s4p/3s4p_ligand.mol2,other_misc,other_lig
4aob,2.95,2012,Kd=0.49uM,4.9e-07,KD,6.3098,/home/stalin/Desktop/PDFL-RNA/NA-L/4aob/4aob_pocket.pdb,/home/stalin/Desktop/PDFL-RNA/NA-L/4aob/4aob_nucleic_acid.pdb,/home/stalin/Desktop/PDFL-RNA/NA-L/4aob/4aob_ligand.sdf,/home/stalin/Desktop/PDFL-RNA/NA-L/4aob/4aob_ligand.mol2,1035,27,306,125,222,32,0,15,6,5,1,0,0,0,0,0,399.45300000000015,3.0,4.0,9.0,7.0,187.08,/home/stalin/Desktop/PDFL-RNA/NA-L/4aob/4aob_pocket.pdb,/home/stalin/Desktop/PDFL-RNA/NA-L/4aob/4aob_ligand.sdf,/home/stalin/Desktop/PDFL-RNA/NA-L/4aob/4aob_ligand.mol2,riboswitch,SAM_SAH
4fe5,1.32,2012,Kd=0.732uM,7.319999999999999e-07,KD,6.1355,/home/stalin/Desktop/PDFL-RNA/NA-L/4fe5/4fe5_pocket.pdb,/home/stalin/Desktop/PDFL-RNA/NA-L/4fe5/4fe5_nucleic_acid.pdb,/home/stalin/Desktop/PDFL-RNA/NA-L/4fe5/4fe5_ligand.sdf,/home/stalin/Desktop/PDFL-RNA/NA-L/4fe5/4fe5_ligand.mol2,769,10,209,75,227,22,0,5,4,1,0,0,0,0,0,0,136.11399999999998,2.0,2.0,3.0,0.0,74.43,/home/stalin/Desktop/PDFL-RNA/NA-L/4fe5/4fe5_pocket.pdb,/home/stalin/Desktop/PDFL-RNA/NA-L/4fe5/4fe5_ligand.sdf,/home/stalin/Desktop/PDFL-RNA/NA-L/4fe5/4fe5_ligand.mol2,riboswitch,other_lig
2loa,NMR,2012,Kd=2.2uM,2.2e-06,KD,5.6576,/home/stalin/Desktop/PDFL-RNA/NA-L/2loa/2loa_pocket.pdb,/home/stalin/Desktop/PDFL-RNA/NA-L/2loa/2loa_nucleic_acid.pdb,/home/stalin/Desktop/PDFL-RNA/NA-L/2loa/2loa_ligand.sdf,/home/stalin/Desktop/PDFL-RNA/NA-L/2loa/2loa_ligand.mol2,286,0,87,36,52,8,0,0,0,0,0,0,0,0,0,0,0.0,0.0,0.0,0.0,0.0,0.0,/home/stalin/Desktop/PDFL-RNA/NA-L/2loa/2loa_pocket.pdb,/home/stalin/Desktop/PDFL-RNA/NA-L/2loa/2loa_ligand.sdf,/home/stalin/Desktop/PDFL-RNA/NA-L/2loa/2loa_ligand.mol2,g_quadruplex,other_lig
4erj,3.00,2012,Kd=3100uM,0.0031,KD,2.5086,/home/stalin/Desktop/PDFL-RNA/NA-L/4erj/4erj_pocket.pdb,/home/stalin/Desktop/PDFL-RNA/NA-L/4erj/4erj_nucleic_acid.pdb,/home/stalin/Desktop/PDFL-RNA/NA-L/4erj/4erj_ligand.sdf,/home/stalin/Desktop/PDFL-RNA/NA-L/4erj/4erj_ligand.mol2,919,9,271,119,196,28,0,6,1,2,0,0,0,0,0,0,131.175,0.0,1.0,2.0,5.0,67.77,/home/stalin/Desktop/PDFL-RNA/NA-L/4erj/4erj_pocket.pdb,/home/stalin/Desktop/PDFL-RNA/NA-L/4erj/4erj_ligand.sdf,/home/stalin/Desktop/PDFL-RNA/NA-L/4erj/4erj_ligand.mol2,riboswitch,other_lig
2lwk,NMR,2012,Kd=50.5uM,5.05e-05,KD,4.2967,/home/stalin/Desktop/PDFL-RNA/NA-L/2lwk/2lwk_pocket.pdb,/home/stalin/Desktop/PDFL-RNA/NA-L/2lwk/2lwk_nucleic_acid.pdb,/home/stalin/Desktop/PDFL-RNA/NA-L/2lwk/2lwk_ligand.sdf,/home/stalin/Desktop/PDFL-RNA/NA-L/2lwk/2lwk_ligand.mol2,643,21,191,78,138,20,0,14,5,2,0,0,0,0,0,0,290.34700000000004,3.0,2.0,6.0,3.0,90.11,/home/stalin/Desktop/PDFL-RNA/NA-L/2lwk/2lwk_pocket.pdb,/home/stalin/Desktop/PDFL-RNA/NA-L/2lwk/2lwk_ligand.sdf,/home/stalin/Desktop/PDFL-RNA/NA-L/2lwk/2lwk_ligand.mol2,other_misc,other_lig
4erl,3.00,2012,Kd=570uM,0.00057,KD,3.2441,/home/stalin/Desktop/PDFL-RNA/NA-L/4erl/4erl_pocket.pdb,/home/stalin/Desktop/PDFL-RNA/NA-L/4erl/4erl_nucleic_acid.pdb,/home/stalin/Desktop/PDFL-RNA/NA-L/4erl/4erl_ligand.sdf,/home/stalin/Desktop/PDFL-RNA/NA-L/4erl/4erl_ligand.mol2,1084,14,320,142,229,33,0,8,3,3,0,0,0,0,0,0,206.266,0.0,4.0,4.0,8.0,127.67000000000002,/home/stalin/Desktop/PDFL-RNA/NA-L/4erl/4erl_pocket.pdb,/home/stalin/Desktop/PDFL-RNA/NA-L/4erl/4erl_ligand.sdf,/home/stalin/Desktop/PDFL-RNA/NA-L/4erl/4erl_ligand.mol2,riboswitch,other_lig
2mb3,NMR,2013,IC50=7.4uM,7.4e-06,IC50,5.1308,/home/stalin/Desktop/PDFL-RNA/NA-L/2mb3/2mb3_pocket.pdb,/home/stalin/Desktop/PDFL-RNA/NA-L/2mb3/2mb3_nucleic_acid.pdb,/home/stalin/Desktop/PDFL-RNA/NA-L/2mb3/2mb3_ligand.sdf,/home/stalin/Desktop/PDFL-RNA/NA-L/2mb3/2mb3_ligand.mol2,650,50,200,82,122,19,0,32,10,8,0,0,0,0,0,0,688.7020000000001,7.0,4.0,14.0,8.0,269.65999999999985,/home/stalin/Desktop/PDFL-RNA/NA-L/2mb3/2mb3_pocket.pdb,/home/stalin/Desktop/PDFL-RNA/NA-L/2mb3/2mb3_ligand.sdf,/home/stalin/Desktop/PDFL-RNA/NA-L/2mb3/2mb3_ligand.mol2,other_misc,other_lig
2rsk,NMR,2013,Kd=10uM,1e-05,KD,5.0,/home/stalin/Desktop/PDFL-RNA/NA-L/2rsk/2rsk_pocket.pdb,/home/stalin/Desktop/PDFL-RNA/NA-L/2rsk/2rsk_nucleic_acid.pdb,/home/stalin/Desktop/PDFL-RNA/NA-L/2rsk/2rsk_ligand.sdf,/home/stalin/Desktop/PDFL-RNA/NA-L/2rsk/2rsk_ligand.mol2,772,98,230,115,150,21,0,61,19,18,0,0,0,0,0,0,1387.5859999999996,4.0,19.0,18.0,44.0,638.7299999999998,/home/stalin/Desktop/PDFL-RNA/NA-L/2rsk/2rsk_pocket.pdb,/home/stalin/Desktop/PDFL-RNA/NA-L/2rsk/2rsk_ligand.sdf,/home/stalin/Desktop/PDFL-RNA/NA-L/2rsk/2rsk_ligand.mol2,other_misc,other_lig
4jf2,2.28,2013,Kd=17.9nM,1.7899999999999998e-08,KD,7.7471,/home/stalin/Desktop/PDFL-RNA/NA-L/4jf2/4jf2_pocket.pdb,/home/stalin/Desktop/PDFL-RNA/NA-L/4jf2/4jf2_nucleic_acid.pdb,/home/stalin/Desktop/PDFL-RNA/NA-L/4jf2/4jf2_ligand.sdf,/home/stalin/Desktop/PDFL-RNA/NA-L/4jf2/4jf2_ligand.mol2,722,13,208,78,179,22,0,7,5,1,0,0,0,0,0,0,180.191,2.0,4.0,3.0,1.0,115.2,/home/stalin/Desktop/PDFL-RNA/NA-L/4jf2/4jf2_pocket.pdb,/home/stalin/Desktop/PDFL-RNA/NA-L/4jf2/4jf2_ligand.sdf,/home/stalin/Desktop/PDFL-RNA/NA-L/4jf2/4jf2_ligand.mol2,riboswitch,FMN_FAD
4kqy,3.02,2013,Kd=19nM,1.9e-08,KD,7.7212,/home/stalin/Desktop/PDFL-RNA/NA-L/4kqy/4kqy_pocket.pdb,/home/stalin/Desktop/PDFL-RNA/NA-L/4kqy/4kqy_nucleic_acid.pdb,/home/stalin/Desktop/PDFL-RNA/NA-L/4kqy/4kqy_ligand.sdf,/home/stalin/Desktop/PDFL-RNA/NA-L/4kqy/4kqy_ligand.mol2,1165,27,347,147,245,36,0,15,6,5,1,0,0,0,0,0,399.45300000000015,3.0,4.0,9.0,7.0,187.08,/home/stalin/Desktop/PDFL-RNA/NA-L/4kqy/4kqy_pocket.pdb,/home/stalin/Desktop/PDFL-RNA/NA-L/4kqy/4kqy_ligand.sdf,/home/stalin/Desktop/PDFL-RNA/NA-L/4kqy/4kqy_ligand.mol2,riboswitch,SAM_SAH
4oqu,3.20,2014,Kd=0.41uM,4.1000000000000004e-07,KD,6.3872,/home/stalin/Desktop/PDFL-RNA/NA-L/4oqu/4oqu_pocket.pdb,/home/stalin/Desktop/PDFL-RNA/NA-L/4oqu/4oqu_nucleic_acid.pdb,/home/stalin/Desktop/PDFL-RNA/NA-L/4oqu/4oqu_ligand.sdf,/home/stalin/Desktop/PDFL-RNA/NA-L/4oqu/4oqu_ligand.mol2,1070,27,316,132,228,33,0,15,6,5,1,0,0,0,0,0,399.45300000000015,3.0,4.0,9.0,7.0,187.08,/home/stalin/Desktop/PDFL-RNA/NA-L/4oqu/4oqu_pocket.pdb,/home/stalin/Desktop/PDFL-RNA/NA-L/4oqu/4oqu_ligand.sdf,/home/stalin/Desktop/PDFL-RNA/NA-L/4oqu/4oqu_ligand.mol2,riboswitch,SAM_SAH
4lvz,1.77,2014,Kd=0.5uM,5e-07,KD,6.301,/home/stalin/Desktop/PDFL-RNA/NA-L/4lvz/4lvz_pocket.pdb,/home/stalin/Desktop/PDFL-RNA/NA-L/4lvz/4lvz_nucleic_acid.pdb,/home/stalin/Desktop/PDFL-RNA/NA-L/4lvz/4lvz_ligand.sdf,/home/stalin/Desktop/PDFL-RNA/NA-L/4lvz/4lvz_ligand.mol2,715,11,201,80,189,21,0,5,6,0,0,0,0,0,0,0,150.14499999999998,2.0,3.0,5.0,0.0,106.5,/home/stalin/Desktop/PDFL-RNA/NA-L/4lvz/4lvz_pocket.pdb,/home/stalin/Desktop/PDFL-RNA/NA-L/4lvz/4lvz_ligand.sdf,/home/stalin/Desktop/PDFL-RNA/NA-L/4lvz/4lvz_ligand.mol2,riboswitch,purine
4nyg,3.05,2014,Kd=1.5uM,1.5e-06,KD,5.8239,/home/stalin/Desktop/PDFL-RNA/NA-L/4nyg/4nyg_pocket.pdb,/home/stalin/Desktop/PDFL-RNA/NA-L/4nyg/4nyg_nucleic_acid.pdb,/home/stalin/Desktop/PDFL-RNA/NA-L/4nyg/4nyg_ligand.sdf,/home/stalin/Desktop/PDFL-RNA/NA-L/4nyg/4nyg_ligand.mol2,1133,18,330,131,249,36,0,12,4,1,1,0,0,0,0,0,265.362,2.0,2.0,5.0,4.0,75.91,/home/stalin/Desktop/PDFL-RNA/NA-L/4nyg/4nyg_pocket.pdb,/home/stalin/Desktop/PDFL-RNA/NA-L/4nyg/4nyg_ligand.sdf,/home/stalin/Desktop/PDFL-RNA/NA-L/4nyg/4nyg_ligand.mol2,riboswitch,TPP
4nyb,3.10,2014,Kd=103uM,0.000103,KD,3.9872,/home/stalin/Desktop/PDFL-RNA/NA-L/4nyb/4nyb_pocket.pdb,/home/stalin/Desktop/PDFL-RNA/NA-L/4nyb/4nyb_nucleic_acid.pdb,/home/stalin/Desktop/PDFL-RNA/NA-L/4nyb/4nyb_ligand.sdf,/home/stalin/Desktop/PDFL-RNA/NA-L/4nyb/4nyb_ligand.mol2,933,13,274,115,199,29,0,9,3,0,1,0,0,0,0,0,192.267,2.0,1.0,3.0,2.0,53.42,/home/stalin/Desktop/PDFL-RNA/NA-L/4nyb/4nyb_pocket.pdb,/home/stalin/Desktop/PDFL-RNA/NA-L/4nyb/4nyb_ligand.sdf,/home/stalin/Desktop/PDFL-RNA/NA-L/4nyb/4nyb_ligand.mol2,riboswitch,other_lig
4lvy,2.00,2014,Kd=110uM,0.0001099999999999,KD,3.9586,/home/stalin/Desktop/PDFL-RNA/NA-L/4lvy/4lvy_pocket.pdb,/home/stalin/Desktop/PDFL-RNA/NA-L/4lvy/4lvy_nucleic_acid.pdb,/home/stalin/Desktop/PDFL-RNA/NA-L/4lvy/4lvy_ligand.sdf,/home/stalin/Desktop/PDFL-RNA/NA-L/4lvy/4lvy_ligand.mol2,535,22,156,69,121,16,0,15,5,2,0,0,0,0,0,0,297.31800000000004,3.0,4.0,4.0,4.0,130.64999999999998,/home/stalin/Desktop/PDFL-RNA/NA-L/4lvy/4lvy_pocket.pdb,/home/stalin/Desktop/PDFL-RNA/NA-L/4lvy/4lvy_ligand.sdf,/home/stalin/Desktop/PDFL-RNA/NA-L/4lvy/4lvy_ligand.mol2,riboswitch,FMN_FAD
4lvx,1.90,2014,Kd=18uM,1.8e-05,KD,4.7447,/home/stalin/Desktop/PDFL-RNA/NA-L/4lvx/4lvx_pocket.pdb,/home/stalin/Desktop/PDFL-RNA/NA-L/4lvx/4lvx_nucleic_acid.pdb,/home/stalin/Desktop/PDFL-RNA/NA-L/4lvx/4lvx_ligand.sdf,/home/stalin/Desktop/PDFL-RNA/NA-L/4lvx/4lvx_ligand.mol2,603,17,175,77,138,18,0,9,5,3,0,0,0,0,0,0,241.251,2.0,6.0,7.0,2.0,136.29,/home/stalin/Desktop/PDFL-RNA/NA-L/4lvx/4lvx_pocket.pdb,/home/stalin/Desktop/PDFL-RNA/NA-L/4lvx/4lvx_ligand.sdf,/home/stalin/Desktop/PDFL-RNA/NA-L/4lvx/4lvx_ligand.mol2,riboswitch,FMN_FAD
4qln,2.65,2014,Kd=2.9uM,2.9e-06,KD,5.5376,/home/stalin/Desktop/PDFL-RNA/NA-L/4qln/4qln_pocket.pdb,/home/stalin/Desktop/PDFL-RNA/NA-L/4qln/4qln_nucleic_acid.pdb,/home/stalin/Desktop/PDFL-RNA/NA-L/4qln/4qln_ligand.sdf,/home/stalin/Desktop/PDFL-RNA/NA-L/4qln/4qln_ligand.mol2,1132,42,335,139,243,35,0,20,10,10,0,0,0,0,0,2,624.404,7.0,2.0,18.0,2.0,274.88,/home/stalin/Desktop/PDFL-RNA/NA-L/4qln/4qln_pocket.pdb,/home/stalin/Desktop/PDFL-RNA/NA-L/4qln/4qln_ligand.sdf,/home/stalin/Desktop/PDFL-RNA/NA-L/4qln/4qln_ligand.mol2,riboswitch,purine
4lx5,2.13,2014,Kd=213nM,2.1300000000000001e-07,KD,6.6716,/home/stalin/Desktop/PDFL-RNA/NA-L/4lx5/4lx5_pocket.pdb,/home/stalin/Desktop/PDFL-RNA/NA-L/4lx5/4lx5_nucleic_acid.pdb,/home/stalin/Desktop/PDFL-RNA/NA-L/4lx5/4lx5_ligand.sdf,/home/stalin/Desktop/PDFL-RNA/NA-L/4lx5/4lx5_ligand.mol2,699,12,207,76,159,22,0,6,6,0,0,0,0,0,0,0,162.15599999999998,2.0,2.0,6.0,0.0,103.6,/home/stalin/Desktop/PDFL-RNA/NA-L/4lx5/4lx5_pocket.pdb,/home/stalin/Desktop/PDFL-RNA/NA-L/4lx5/4lx5_ligand.sdf,/home/stalin/Desktop/PDFL-RNA/NA-L/4lx5/4lx5_ligand.mol2,riboswitch,purine
4nyc,3.15,2014,Kd=280uM,0.00028,KD,3.5528,/home/stalin/Desktop/PDFL-RNA/NA-L/4nyc/4nyc_pocket.pdb,/home/stalin/Desktop/PDFL-RNA/NA-L/4nyc/4nyc_nucleic_acid.pdb,/home/stalin/Desktop/PDFL-RNA/NA-L/4nyc/4nyc_ligand.sdf,/home/stalin/Desktop/PDFL-RNA/NA-L/4nyc/4nyc_ligand.mol2,865,10,253,102,189,27,0,6,3,0,1,0,0,0,0,0,151.19399999999996,2.0,1.0,4.0,0.0,51.8,/home/stalin/Desktop/PDFL-RNA/NA-L/4nyc/4nyc_pocket.pdb,/home/stalin/Desktop/PDFL-RNA/NA-L/4nyc/4nyc_ligand.sdf,/home/stalin/Desktop/PDFL-RNA/NA-L/4nyc/4nyc_ligand.mol2,riboswitch,other_lig
4qk8,3.05,2014,Kd=300nM,3.0000000000000004e-07,KD,6.5229,/home/stalin/Desktop/PDFL-RNA/NA-L/4qk8/4qk8_pocket.pdb,/home/stalin/Desktop/PDFL-RNA/NA-L/4qk8/4qk8_nucleic_acid.pdb,/home/stalin/Desktop/PDFL-RNA/NA-L/4qk8/4qk8_ligand.sdf,/home/stalin/Desktop/PDFL-RNA/NA-L/4qk8/4qk8_ligand.mol2,1197,44,355,149,254,37,0,20,10,12,0,0,0,0,0,2,656.402,7.0,4.0,20.0,2.0,315.3399999999999,/home/stalin/Desktop/PDFL-RNA/NA-L/4qk8/4qk8_pocket.pdb,/home/stalin/Desktop/PDFL-RNA/NA-L/4qk8/4qk8_ligand.sdf,/home/stalin/Desktop/PDFL-RNA/NA-L/4qk8/4qk8_ligand.mol2,riboswitch,purine
4qk9,3.05,2014,Kd=300nM,3.0000000000000004e-07,KD,6.5229,/home/stalin/Desktop/PDFL-RNA/NA-L/4qk9/4qk9_pocket.pdb,/home/stalin/Desktop/PDFL-RNA/NA-L/4qk9/4qk9_nucleic_acid.pdb,/home/stalin/Desktop/PDFL-RNA/NA-L/4qk9/4qk9_ligand.sdf,/home/stalin/Desktop/PDFL-RNA/NA-L/4qk9/4qk9_ligand.mol2,1018,44,300,132,211,31,0,20,10,12,0,0,0,0,0,2,656.402,7.0,4.0,20.0,2.0,315.3399999999999,/home/stalin/Desktop/PDFL-RNA/NA-L/4qk9/4qk9_pocket.pdb,/home/stalin/Desktop/PDFL-RNA/NA-L/4qk9/4qk9_ligand.sdf,/home/stalin/Desktop/PDFL-RNA/NA-L/4qk9/4qk9_ligand.mol2,riboswitch,purine
4nya,2.65,2014,Kd=49uM,4.9e-05,KD,4.3098,/home/stalin/Desktop/PDFL-RNA/NA-L/4nya/4nya_pocket.pdb,/home/stalin/Desktop/PDFL-RNA/NA-L/4nya/4nya_nucleic_acid.pdb,/home/stalin/Desktop/PDFL-RNA/NA-L/4nya/4nya_ligand.sdf,/home/stalin/Desktop/PDFL-RNA/NA-L/4nya/4nya_ligand.mol2,958,12,282,115,205,30,0,6,6,0,0,0,0,0,0,0,164.172,1.0,1.0,4.0,2.0,100.56,/home/stalin/Desktop/PDFL-RNA/NA-L/4nya/4nya_pocket.pdb,/home/stalin/Desktop/PDFL-RNA/NA-L/4nya/4nya_ligand.sdf,/home/stalin/Desktop/PDFL-RNA/NA-L/4nya/4nya_ligand.mol2,riboswitch,purine
4w90,3.12,2014,Kd=53.1nM,5.3100000000000006e-08,KD,7.2749,/home/stalin/Desktop/PDFL-RNA/NA-L/4w90/4w90_pocket.pdb,/home/stalin/Desktop/PDFL-RNA/NA-L/4w90/4w90_nucleic_acid.pdb,/home/stalin/Desktop/PDFL-RNA/NA-L/4w90/4w90_ligand.sdf,/home/stalin/Desktop/PDFL-RNA/NA-L/4w90/4w90_ligand.mol2,1210,44,358,148,260,37,0,20,10,12,0,0,0,0,0,2,656.402,7.0,4.0,20.0,2.0,315.3399999999999,/home/stalin/Desktop/PDFL-RNA/NA-L/4w90/4w90_pocket.pdb,/home/stalin/Desktop/PDFL-RNA/NA-L/4w90/4w90_ligand.sdf,/home/stalin/Desktop/PDFL-RNA/NA-L/4w90/4w90_ligand.mol2,riboswitch,purine
4ts0,2.80,2014,Kd=530nM,5.3e-07,KD,6.2757,/home/stalin/Desktop/PDFL-RNA/NA-L/4ts0/4ts0_pocket.pdb,/home/stalin/Desktop/PDFL-RNA/NA-L/4ts0/4ts0_nucleic_acid.pdb,/home/stalin/Desktop/PDFL-RNA/NA-L/4ts0/4ts0_ligand.sdf,/home/stalin/Desktop/PDFL-RNA/NA-L/4ts0/4ts0_ligand.mol2,838,18,244,99,186,24,0,12,2,2,0,2,0,0,0,0,252.22,2.0,1.0,3.0,1.0,52.9,/home/stalin/Desktop/PDFL-RNA/NA-L/4ts0/4ts0_pocket.pdb,/home/stalin/Desktop/PDFL-RNA/NA-L/4ts0/4ts0_ligand.sdf,/home/stalin/Desktop/PDFL-RNA/NA-L/4ts0/4ts0_ligand.mol2,aptamer,other_lig
4ts2,2.88,2014,Kd=530nM,5.3e-07,KD,6.2757,/home/stalin/Desktop/PDFL-RNA/NA-L/4ts2/4ts2_pocket.pdb,/home/stalin/Desktop/PDFL-RNA/NA-L/4ts2/4ts2_nucleic_acid.pdb,/home/stalin/Desktop/PDFL-RNA/NA-L/4ts2/4ts2_ligand.sdf,/home/stalin/Desktop/PDFL-RNA/NA-L/4ts2/4ts2_ligand.mol2,778,18,228,97,169,24,0,12,2,2,0,2,0,0,0,0,252.22,2.0,1.0,3.0,1.0,52.9,/home/stalin/Desktop/PDFL-RNA/NA-L/4ts2/4ts2_pocket.pdb,/home/stalin/Desktop/PDFL-RNA/NA-L/4ts2/4ts2_ligand.sdf,/home/stalin/Desktop/PDFL-RNA/NA-L/4ts2/4ts2_ligand.mol2,aptamer,other_lig
4qlm,2.72,2014,Kd=66nM,6.600000000000002e-08,KD,7.1805,/home/stalin/Desktop/PDFL-RNA/NA-L/4qlm/4qlm_pocket.pdb,/home/stalin/Desktop/PDFL-RNA/NA-L/4qlm/4qlm_nucleic_acid.pdb,/home/stalin/Desktop/PDFL-RNA/NA-L/4qlm/4qlm_ligand.sdf,/home/stalin/Desktop/PDFL-RNA/NA-L/4qlm/4qlm_ligand.mol2,1097,44,325,134,235,34,0,20,10,12,0,0,0,0,0,2,656.402,7.0,4.0,20.0,2.0,315.3399999999999,/home/stalin/Desktop/PDFL-RNA/NA-L/4qlm/4qlm_pocket.pdb,/home/stalin/Desktop/PDFL-RNA/NA-L/4qlm/4qlm_ligand.sdf,/home/stalin/Desktop/PDFL-RNA/NA-L/4qlm/4qlm_ligand.mol2,riboswitch,purine
4lvw,1.77,2014,Kd=66uM,6.599999999999999e-05,KD,4.1805,/home/stalin/Desktop/PDFL-RNA/NA-L/4lvw/4lvw_pocket.pdb,/home/stalin/Desktop/PDFL-RNA/NA-L/4lvw/4lvw_nucleic_acid.pdb,/home/stalin/Desktop/PDFL-RNA/NA-L/4lvw/4lvw_ligand.sdf,/home/stalin/Desktop/PDFL-RNA/NA-L/4lvw/4lvw_ligand.mol2,748,11,211,85,195,22,0,6,4,1,0,0,0,0,0,0,150.14099999999996,2.0,3.0,3.0,0.0,87.56,/home/stalin/Desktop/PDFL-RNA/NA-L/4lvw/4lvw_pocket.pdb,/home/stalin/Desktop/PDFL-RNA/NA-L/4lvw/4lvw_ligand.sdf,/home/stalin/Desktop/PDFL-RNA/NA-L/4lvw/4lvw_ligand.mol2,riboswitch,purine
4nyd,2.90,2014,Kd=670uM,0.00067,KD,3.1739,/home/stalin/Desktop/PDFL-RNA/NA-L/4nyd/4nyd_pocket.pdb,/home/stalin/Desktop/PDFL-RNA/NA-L/4nyd/4nyd_nucleic_acid.pdb,/home/stalin/Desktop/PDFL-RNA/NA-L/4nyd/4nyd_ligand.sdf,/home/stalin/Desktop/PDFL-RNA/NA-L/4nyd/4nyd_ligand.mol2,779,10,229,95,168,24,0,5,4,1,0,0,0,0,0,0,136.11399999999998,2.0,2.0,3.0,0.0,74.43,/home/stalin/Desktop/PDFL-RNA/NA-L/4nyd/4nyd_pocket.pdb,/home/stalin/Desktop/PDFL-RNA/NA-L/4nyd/4nyd_ligand.sdf,/home/stalin/Desktop/PDFL-RNA/NA-L/4nyd/4nyd_ligand.mol2,riboswitch,other_lig
4l81,2.95,2014,Kd=7.3uM,7.299999999999999e-06,KD,5.1367,/home/stalin/Desktop/PDFL-RNA/NA-L/4l81/4l81_pocket.pdb,/home/stalin/Desktop/PDFL-RNA/NA-L/4l81/4l81_nucleic_acid.pdb,/home/stalin/Desktop/PDFL-RNA/NA-L/4l81/4l81_ligand.sdf,/home/stalin/Desktop/PDFL-RNA/NA-L/4l81/4l81_ligand.mol2,1129,27,297,155,213,31,0,15,6,5,1,0,0,0,0,0,399.45300000000015,3.0,4.0,9.0,7.0,187.08,/home/stalin/Desktop/PDFL-RNA/NA-L/4l81/4l81_pocket.pdb,/home/stalin/Desktop/PDFL-RNA/NA-L/4l81/4l81_ligand.sdf,/home/stalin/Desktop/PDFL-RNA/NA-L/4l81/4l81_ligand.mol2,riboswitch,SAM_SAH
4lw0,1.89,2014,Kd=8uM,8e-06,KD,5.0969,/home/stalin/Desktop/PDFL-RNA/NA-L/4lw0/4lw0_pocket.pdb,/home/stalin/Desktop/PDFL-RNA/NA-L/4lw0/4lw0_nucleic_acid.pdb,/home/stalin/Desktop/PDFL-RNA/NA-L/4lw0/4lw0_ligand.sdf,/home/stalin/Desktop/PDFL-RNA/NA-L/4lw0/4lw0_ligand.mol2,702,10,201,80,176,21,0,5,5,0,0,0,0,0,0,0,135.12999999999997,2.0,2.0,4.0,0.0,80.48,/home/stalin/Desktop/PDFL-RNA/NA-L/4lw0/4lw0_pocket.pdb,/home/stalin/Desktop/PDFL-RNA/NA-L/4lw0/4lw0_ligand.sdf,/home/stalin/Desktop/PDFL-RNA/NA-L/4lw0/4lw0_ligand.mol2,riboswitch,purine
4lvv,2.10,2014,Kd=9.6uM,9.6e-06,KD,5.0177,/home/stalin/Desktop/PDFL-RNA/NA-L/4lvv/4lvv_pocket.pdb,/home/stalin/Desktop/PDFL-RNA/NA-L/4lvv/4lvv_nucleic_acid.pdb,/home/stalin/Desktop/PDFL-RNA/NA-L/4lvv/4lvv_ligand.sdf,/home/stalin/Desktop/PDFL-RNA/NA-L/4lvv/4lvv_ligand.mol2,660,34,194,84,146,20,0,20,7,7,0,0,0,0,0,0,471.4300000000004,3.0,5.0,11.0,10.0,225.50000000000003,/home/stalin/Desktop/PDFL-RNA/NA-L/4lvv/4lvv_pocket.pdb,/home/stalin/Desktop/PDFL-RNA/NA-L/4lvv/4lvv_ligand.sdf,/home/stalin/Desktop/PDFL-RNA/NA-L/4lvv/4lvv_ligand.mol2,riboswitch,FMN_FAD
4lx6,2.15,2014,Kd=95nM,9.5e-08,KD,7.0223,/home/stalin/Desktop/PDFL-RNA/NA-L/4lx6/4lx6_pocket.pdb,/home/stalin/Desktop/PDFL-RNA/NA-L/4lx6/4lx6_nucleic_acid.pdb,/home/stalin/Desktop/PDFL-RNA/NA-L/4lx6/4lx6_ligand.sdf,/home/stalin/Desktop/PDFL-RNA/NA-L/4lx6/4lx6_ligand.mol2,702,12,207,77,159,22,0,6,5,1,0,0,0,0,0,0,163.13999999999996,2.0,2.0,5.0,0.0,97.55,/home/stalin/Desktop/PDFL-RNA/NA-L/4lx6/4lx6_pocket.pdb,/home/stalin/Desktop/PDFL-RNA/NA-L/4lx6/4lx6_ligand.sdf,/home/stalin/Desktop/PDFL-RNA/NA-L/4lx6/4lx6_ligand.mol2,riboswitch,purine
2mg8,NMR,2014,Kd=965nM,9.65e-07,KD,6.0155,/home/stalin/Desktop/PDFL-RNA/NA-L/2mg8/2mg8_pocket.pdb,/home/stalin/Desktop/PDFL-RNA/NA-L/2mg8/2mg8_nucleic_acid.pdb,/home/stalin/Desktop/PDFL-RNA/NA-L/2mg8/2mg8_ligand.sdf,/home/stalin/Desktop/PDFL-RNA/NA-L/2mg8/2mg8_ligand.mol2,442,0,134,55,84,14,0,0,0,0,0,0,0,0,0,0,0.0,0.0,0.0,0.0,0.0,0.0,/home/stalin/Desktop/PDFL-RNA/NA-L/2mg8/2mg8_pocket.pdb,/home/stalin/Desktop/PDFL-RNA/NA-L/2mg8/2mg8_ligand.sdf,/home/stalin/Desktop/PDFL-RNA/NA-L/2mg8/2mg8_ligand.mol2,g_quadruplex,other_lig
4yb0,2.12,2015,Kd=0.93uM,9.3e-07,KD,6.0315,/home/stalin/Desktop/PDFL-RNA/NA-L/4yb0/4yb0_pocket.pdb,/home/stalin/Desktop/PDFL-RNA/NA-L/4yb0/4yb0_nucleic_acid.pdb,/home/stalin/Desktop/PDFL-RNA/NA-L/4yb0/4yb0_ligand.sdf,/home/stalin/Desktop/PDFL-RNA/NA-L/4yb0/4yb0_ligand.mol2,977,46,289,125,204,30,0,20,10,14,0,0,0,0,0,2,688.4,7.0,6.0,20.0,2.0,355.2799999999999,/home/stalin/Desktop/PDFL-RNA/NA-L/4yb0/4yb0_pocket.pdb,/home/stalin/Desktop/PDFL-RNA/NA-L/4yb0/4yb0_ligand.sdf,/home/stalin/Desktop/PDFL-RNA/NA-L/4yb0/4yb0_ligand.mol2,riboswitch,TPP
4xwf,1.80,2015,Kd=1.08uM,1.08e-06,KD,5.9666,/home/stalin/Desktop/PDFL-RNA/NA-L/4xwf/4xwf_pocket.pdb,/home/stalin/Desktop/PDFL-RNA/NA-L/4xwf/4xwf_nucleic_acid.pdb,/home/stalin/Desktop/PDFL-RNA/NA-L/4xwf/4xwf_ligand.sdf,/home/stalin/Desktop/PDFL-RNA/NA-L/4xwf/4xwf_ligand.mol2,609,22,165,80,141,17,0,9,4,8,0,0,0,0,0,1,336.19700000000006,2.0,4.0,10.0,5.0,209.04,/home/stalin/Desktop/PDFL-RNA/NA-L/4xwf/4xwf_pocket.pdb,/home/stalin/Desktop/PDFL-RNA/NA-L/4xwf/4xwf_ligand.sdf,/home/stalin/Desktop/PDFL-RNA/NA-L/4xwf/4xwf_ligand.mol2,g_quadruplex,other_lig
4znp,2.94,2015,Kd=4.7uM,4.7e-06,KD,5.3279,/home/stalin/Desktop/PDFL-RNA/NA-L/4znp/4znp_pocket.pdb,/home/stalin/Desktop/PDFL-RNA/NA-L/4znp/4znp_nucleic_acid.pdb,/home/stalin/Desktop/PDFL-RNA/NA-L/4znp/4znp_ligand.sdf,/home/stalin/Desktop/PDFL-RNA/NA-L/4znp/4znp_ligand.mol2,977,22,287,121,211,30,0,9,4,8,0,0,0,0,0,1,336.19700000000006,2.0,4.0,10.0,5.0,209.04,/home/stalin/Desktop/PDFL-RNA/NA-L/4znp/4znp_pocket.pdb,/home/stalin/Desktop/PDFL-RNA/NA-L/4znp/4znp_ligand.sdf,/home/stalin/Desktop/PDFL-RNA/NA-L/4znp/4znp_ligand.mol2,g_quadruplex,other_lig
5c7u,3.05,2015,Kd=42nM,4.2000000000000006e-08,KD,7.3768,/home/stalin/Desktop/PDFL-RNA/NA-L/5c7u/5c7u_pocket.pdb,/home/stalin/Desktop/PDFL-RNA/NA-L/5c7u/5c7u_nucleic_acid.pdb,/home/stalin/Desktop/PDFL-RNA/NA-L/5c7u/5c7u_ligand.sdf,/home/stalin/Desktop/PDFL-RNA/NA-L/5c7u/5c7u_ligand.mol2,711,10,198,84,148,21,0,5,4,1,0,0,0,0,0,0,136.11399999999998,2.0,2.0,3.0,0.0,74.43,/home/stalin/Desktop/PDFL-RNA/NA-L/5c7u/5c7u_pocket.pdb,/home/stalin/Desktop/PDFL-RNA/NA-L/5c7u/5c7u_ligand.sdf,/home/stalin/Desktop/PDFL-RNA/NA-L/5c7u/5c7u_ligand.mol2,riboswitch,other_lig
5btp,2.82,2015,Kd=487nM,4.870000000000001e-07,KD,6.3125,/home/stalin/Desktop/PDFL-RNA/NA-L/5btp/5btp_pocket.pdb,/home/stalin/Desktop/PDFL-RNA/NA-L/5btp/5btp_nucleic_acid.pdb,/home/stalin/Desktop/PDFL-RNA/NA-L/5btp/5btp_ligand.sdf,/home/stalin/Desktop/PDFL-RNA/NA-L/5btp/5btp_ligand.mol2,1006,22,296,123,216,31,0,9,4,8,0,0,0,0,0,1,336.19700000000006,2.0,4.0,10.0,5.0,209.04,/home/stalin/Desktop/PDFL-RNA/NA-L/5btp/5btp_pocket.pdb,/home/stalin/Desktop/PDFL-RNA/NA-L/5btp/5btp_ligand.sdf,/home/stalin/Desktop/PDFL-RNA/NA-L/5btp/5btp_ligand.mol2,g_quadruplex,other_lig
5c7w,3.22,2015,Kd=48nM,4.8000000000000006e-08,KD,7.3188,/home/stalin/Desktop/PDFL-RNA/NA-L/5c7w/5c7w_pocket.pdb,/home/stalin/Desktop/PDFL-RNA/NA-L/5c7w/5c7w_nucleic_acid.pdb,/home/stalin/Desktop/PDFL-RNA/NA-L/5c7w/5c7w_ligand.sdf,/home/stalin/Desktop/PDFL-RNA/NA-L/5c7w/5c7w_ligand.mol2,767,10,207,93,155,22,0,5,4,1,0,0,0,0,0,0,136.11399999999998,2.0,2.0,3.0,0.0,74.43,/home/stalin/Desktop/PDFL-RNA/NA-L/5c7w/5c7w_pocket.pdb,/home/stalin/Desktop/PDFL-RNA/NA-L/5c7w/5c7w_ligand.sdf,/home/stalin/Desktop/PDFL-RNA/NA-L/5c7w/5c7w_ligand.mol2,riboswitch,other_lig
2mxs,NMR,2015,Kd=5.1uM,5.1e-06,KD,5.2924,/home/stalin/Desktop/PDFL-RNA/NA-L/2mxs/2mxs_pocket.pdb,/home/stalin/Desktop/PDFL-RNA/NA-L/2mxs/2mxs_nucleic_acid.pdb,/home/stalin/Desktop/PDFL-RNA/NA-L/2mxs/2mxs_ligand.sdf,/home/stalin/Desktop/PDFL-RNA/NA-L/2mxs/2mxs_ligand.mol2,729,42,216,79,166,23,0,23,5,14,0,0,0,0,0,0,620.6740000000003,4.0,13.0,14.0,9.0,355.4199999999999,/home/stalin/Desktop/PDFL-RNA/NA-L/2mxs/2mxs_pocket.pdb,/home/stalin/Desktop/PDFL-RNA/NA-L/2mxs/2mxs_ligand.sdf,/home/stalin/Desktop/PDFL-RNA/NA-L/2mxs/2mxs_ligand.mol2,ribosomal_asite,other_lig
4rzd,2.75,2015,Kd=6.5nM,6.5e-09,KD,8.1871,/home/stalin/Desktop/PDFL-RNA/NA-L/4rzd/4rzd_pocket.pdb,/home/stalin/Desktop/PDFL-RNA/NA-L/4rzd/4rzd_nucleic_acid.pdb,/home/stalin/Desktop/PDFL-RNA/NA-L/4rzd/4rzd_ligand.sdf,/home/stalin/Desktop/PDFL-RNA/NA-L/4rzd/4rzd_ligand.mol2,703,13,210,84,151,22,0,7,5,1,0,0,0,0,0,0,180.191,2.0,4.0,3.0,1.0,115.2,/home/stalin/Desktop/PDFL-RNA/NA-L/4rzd/4rzd_pocket.pdb,/home/stalin/Desktop/PDFL-RNA/NA-L/4rzd/4rzd_ligand.sdf,/home/stalin/Desktop/PDFL-RNA/NA-L/4rzd/4rzd_ligand.mol2,riboswitch,FMN_FAD
4yaz,2.00,2015,Kd=66.7nM,6.670000000000002e-08,KD,7.1759,/home/stalin/Desktop/PDFL-RNA/NA-L/4yaz/4yaz_pocket.pdb,/home/stalin/Desktop/PDFL-RNA/NA-L/4yaz/4yaz_nucleic_acid.pdb,/home/stalin/Desktop/PDFL-RNA/NA-L/4yaz/4yaz_ligand.sdf,/home/stalin/Desktop/PDFL-RNA/NA-L/4yaz/4yaz_ligand.mol2,961,45,279,120,217,29,0,20,10,13,0,0,0,0,0,2,672.4010000000001,7.0,5.0,20.0,2.0,335.30999999999995,/home/stalin/Desktop/PDFL-RNA/NA-L/4yaz/4yaz_pocket.pdb,/home/stalin/Desktop/PDFL-RNA/NA-L/4yaz/4yaz_ligand.sdf,/home/stalin/Desktop/PDFL-RNA/NA-L/4yaz/4yaz_ligand.mol2,riboswitch,other_lig
2n0j,NMR,2016,Kd=0.33uM,3.3e-07,KD,6.4815,/home/stalin/Desktop/PDFL-RNA/NA-L/2n0j/2n0j_pocket.pdb,/home/stalin/Desktop/PDFL-RNA/NA-L/2n0j/2n0j_nucleic_acid.pdb,/home/stalin/Desktop/PDFL-RNA/NA-L/2n0j/2n0j_ligand.sdf,/home/stalin/Desktop/PDFL-RNA/NA-L/2n0j/2n0j_ligand.mol2,699,31,207,77,158,22,0,17,4,10,0,0,0,0,0,0,458.5090000000001,3.0,10.0,10.0,6.0,268.86,/home/stalin/Desktop/PDFL-RNA/NA-L/2n0j/2n0j_pocket.pdb,/home/stalin/Desktop/PDFL-RNA/NA-L/2n0j/2n0j_ligand.sdf,/home/stalin/Desktop/PDFL-RNA/NA-L/2n0j/2n0j_ligand.mol2,ribosomal_asite,other_lig
5cdb,1.70,2016,Kd=1.1uM,1.1e-06,KD,5.9586,/home/stalin/Desktop/PDFL-RNA/NA-L/5cdb/5cdb_pocket.pdb,/home/stalin/Desktop/PDFL-RNA/NA-L/5cdb/5cdb_nucleic_acid.pdb,/home/stalin/Desktop/PDFL-RNA/NA-L/5cdb/5cdb_ligand.sdf,/home/stalin/Desktop/PDFL-RNA/NA-L/5cdb/5cdb_ligand.mol2,488,41,149,66,91,13,0,36,1,4,0,0,0,0,0,0,544.6710000000003,7.0,0.0,4.0,8.0,40.8,/home/stalin/Desktop/PDFL-RNA/NA-L/5cdb/5cdb_pocket.pdb,/home/stalin/Desktop/PDFL-RNA/NA-L/5cdb/5cdb_ligand.sdf,/home/stalin/Desktop/PDFL-RNA/NA-L/5cdb/5cdb_ligand.mol2,g_quadruplex,other_lig
5lwj,NMR,2016,Kd=2863nM,2.8630000000000004e-06,KD,5.5432,/home/stalin/Desktop/PDFL-RNA/NA-L/5lwj/5lwj_pocket.pdb,/home/stalin/Desktop/PDFL-RNA/NA-L/5lwj/5lwj_nucleic_acid.pdb,/home/stalin/Desktop/PDFL-RNA/NA-L/5lwj/5lwj_ligand.sdf,/home/stalin/Desktop/PDFL-RNA/NA-L/5lwj/5lwj_ligand.mol2,552,32,164,71,115,17,0,10,5,14,0,0,0,0,0,3,519.1490000000002,3.0,4.0,17.0,8.0,310.4199999999999,/home/stalin/Desktop/PDFL-RNA/NA-L/5lwj/5lwj_pocket.pdb,/home/stalin/Desktop/PDFL-RNA/NA-L/5lwj/5lwj_ligand.sdf,/home/stalin/Desktop/PDFL-RNA/NA-L/5lwj/5lwj_ligand.mol2,other_misc,other_lig
5uzz,NMR,2017,Kd=200nM,2.0000000000000002e-07,KD,6.699,/home/stalin/Desktop/PDFL-RNA/NA-L/5uzz/5uzz_pocket.pdb,/home/stalin/Desktop/PDFL-RNA/NA-L/5uzz/5uzz_nucleic_acid.pdb,/home/stalin/Desktop/PDFL-RNA/NA-L/5uzz/5uzz_ligand.sdf,/home/stalin/Desktop/PDFL-RNA/NA-L/5uzz/5uzz_ligand.mol2,893,126,266,103,197,27,0,75,36,15,0,0,0,0,0,0,1794.2460000000012,3.0,35.0,15.0,36.0,883.1699999999998,/home/stalin/Desktop/PDFL-RNA/NA-L/5uzz/5uzz_pocket.pdb,/home/stalin/Desktop/PDFL-RNA/NA-L/5uzz/5uzz_ligand.sdf,/home/stalin/Desktop/PDFL-RNA/NA-L/5uzz/5uzz_ligand.mol2,other_misc,other_lig
5kpy,2.00,2017,Kd=3.9uM,3.9e-06,KD,5.4089,/home/stalin/Desktop/PDFL-RNA/NA-L/5kpy/5kpy_pocket.pdb,/home/stalin/Desktop/PDFL-RNA/NA-L/5kpy/5kpy_nucleic_acid.pdb,/home/stalin/Desktop/PDFL-RNA/NA-L/5kpy/5kpy_ligand.sdf,/home/stalin/Desktop/PDFL-RNA/NA-L/5kpy/5kpy_ligand.mol2,826,16,210,101,199,22,0,11,2,3,0,0,0,0,0,0,220.22799999999995,2.0,3.0,3.0,3.0,103.79,/home/stalin/Desktop/PDFL-RNA/NA-L/5kpy/5kpy_pocket.pdb,/home/stalin/Desktop/PDFL-RNA/NA-L/5kpy/5kpy_ligand.sdf,/home/stalin/Desktop/PDFL-RNA/NA-L/5kpy/5kpy_ligand.mol2,aptamer,other_lig
5uee,1.90,2017,Kd~0.2mM,0.0002,KD,3.699,/home/stalin/Desktop/PDFL-RNA/NA-L/5uee/5uee_pocket.pdb,/home/stalin/Desktop/PDFL-RNA/NA-L/5uee/5uee_nucleic_acid.pdb,/home/stalin/Desktop/PDFL-RNA/NA-L/5uee/5uee_ligand.sdf,/home/stalin/Desktop/PDFL-RNA/NA-L/5uee/5uee_ligand.mol2,277,51,81,29,62,7,0,20,10,18,0,0,0,0,0,3,785.3859999999997,6.0,8.0,24.0,12.0,435.87,/home/stalin/Desktop/PDFL-RNA/NA-L/5uee/5uee_pocket.pdb,/home/stalin/Desktop/PDFL-RNA/NA-L/5uee/5uee_ligand.sdf,/home/stalin/Desktop/PDFL-RNA/NA-L/5uee/5uee_ligand.mol2,other_misc,other_lig
5v3f,1.70,2017,Kd~3nM,3e-09,KD,8.5229,/home/stalin/Desktop/PDFL-RNA/NA-L/5v3f/5v3f_pocket.pdb,/home/stalin/Desktop/PDFL-RNA/NA-L/5v3f/5v3f_nucleic_acid.pdb,/home/stalin/Desktop/PDFL-RNA/NA-L/5v3f/5v3f_ligand.sdf,/home/stalin/Desktop/PDFL-RNA/NA-L/5v3f/5v3f_ligand.mol2,713,52,197,93,182,20,0,38,6,6,2,0,0,0,0,0,751.9960000000003,6.0,4.0,9.0,21.0,134.14,/home/stalin/Desktop/PDFL-RNA/NA-L/5v3f/5v3f_pocket.pdb,/home/stalin/Desktop/PDFL-RNA/NA-L/5v3f/5v3f_ligand.sdf,/home/stalin/Desktop/PDFL-RNA/NA-L/5v3f/5v3f_ligand.mol2,aptamer,other_lig
5z80,NMR,2018,IC50=1.22uM,1.22e-06,IC50,5.9136,/home/stalin/Desktop/PDFL-RNA/NA-L/5z80/5z80_pocket.pdb,/home/stalin/Desktop/PDFL-RNA/NA-L/5z80/5z80_nucleic_acid.pdb,/home/stalin/Desktop/PDFL-RNA/NA-L/5z80/5z80_ligand.sdf,/home/stalin/Desktop/PDFL-RNA/NA-L/5z80/5z80_ligand.mol2,682,61,210,93,123,20,0,45,13,0,0,0,0,0,0,0,1379.3879999999992,6.0,9.0,5.0,18.0,255.96,/home/stalin/Desktop/PDFL-RNA/NA-L/5z80/5z80_pocket.pdb,/home/stalin/Desktop/PDFL-RNA/NA-L/5z80/5z80_ligand.sdf,/home/stalin/Desktop/PDFL-RNA/NA-L/5z80/5z80_ligand.mol2,other_misc,other_lig
6d2u,NMR,2018,Kd<0.18nM,1.8e-10,KD,9.7447,/home/stalin/Desktop/PDFL-RNA/NA-L/6d2u/6d2u_pocket.pdb,/home/stalin/Desktop/PDFL-RNA/NA-L/6d2u/6d2u_nucleic_acid.pdb,/home/stalin/Desktop/PDFL-RNA/NA-L/6d2u/6d2u_ligand.sdf,/home/stalin/Desktop/PDFL-RNA/NA-L/6d2u/6d2u_ligand.mol2,801,118,237,93,177,25,0,72,31,15,0,0,0,0,0,0,1680.114,3.0,30.0,15.0,31.0,783.5299999999999,/home/stalin/Desktop/PDFL-RNA/NA-L/6d2u/6d2u_pocket.pdb,/home/stalin/Desktop/PDFL-RNA/NA-L/6d2u/6d2u_ligand.sdf,/home/stalin/Desktop/PDFL-RNA/NA-L/6d2u/6d2u_ligand.mol2,other_misc,other_lig
6dmc,2.20,2018,Kd=0.51uM,5.1e-07,KD,6.2924,/home/stalin/Desktop/PDFL-RNA/NA-L/6dmc/6dmc_pocket.pdb,/home/stalin/Desktop/PDFL-RNA/NA-L/6dmc/6dmc_nucleic_acid.pdb,/home/stalin/Desktop/PDFL-RNA/NA-L/6dmc/6dmc_ligand.sdf,/home/stalin/Desktop/PDFL-RNA/NA-L/6dmc/6dmc_ligand.mol2,1098,36,306,125,281,35,0,10,5,17,0,0,0,0,0,4,597.1120000000002,3.0,3.0,20.0,10.0,362.61,/home/stalin/Desktop/PDFL-RNA/NA-L/6dmc/6dmc_pocket.pdb,/home/stalin/Desktop/PDFL-RNA/NA-L/6dmc/6dmc_ligand.sdf,/home/stalin/Desktop/PDFL-RNA/NA-L/6dmc/6dmc_ligand.mol2,riboswitch,TPP
6c65,2.80,2018,Kd=0.9nM,9e-10,KD,9.0458,/home/stalin/Desktop/PDFL-RNA/NA-L/6c65/6c65_pocket.pdb,/home/stalin/Desktop/PDFL-RNA/NA-L/6c65/6c65_nucleic_acid.pdb,/home/stalin/Desktop/PDFL-RNA/NA-L/6c65/6c65_ligand.sdf,/home/stalin/Desktop/PDFL-RNA/NA-L/6c65/6c65_ligand.mol2,869,29,259,127,170,25,0,23,3,2,1,0,0,0,0,0,406.5310000000004,4.0,1.0,4.0,6.0,45.45,/home/stalin/Desktop/PDFL-RNA/NA-L/6c65/6c65_pocket.pdb,/home/stalin/Desktop/PDFL-RNA/NA-L/6c65/6c65_ligand.sdf,/home/stalin/Desktop/PDFL-RNA/NA-L/6c65/6c65_ligand.mol2,aptamer,other_lig
6c63,2.90,2018,Kd=1.1nM,1.1e-09,KD,8.9586,/home/stalin/Desktop/PDFL-RNA/NA-L/6c63/6c63_pocket.pdb,/home/stalin/Desktop/PDFL-RNA/NA-L/6c63/6c63_nucleic_acid.pdb,/home/stalin/Desktop/PDFL-RNA/NA-L/6c63/6c63_ligand.sdf,/home/stalin/Desktop/PDFL-RNA/NA-L/6c63/6c63_ligand.mol2,872,29,260,130,168,25,0,23,3,2,1,0,0,0,0,0,406.5310000000004,4.0,1.0,4.0,6.0,45.45,/home/stalin/Desktop/PDFL-RNA/NA-L/6c63/6c63_pocket.pdb,/home/stalin/Desktop/PDFL-RNA/NA-L/6c63/6c63_ligand.sdf,/home/stalin/Desktop/PDFL-RNA/NA-L/6c63/6c63_ligand.mol2,aptamer,other_lig
6c64,3.00,2018,Kd=1.4nM,1.4e-09,KD,8.8539,/home/stalin/Desktop/PDFL-RNA/NA-L/6c64/6c64_pocket.pdb,/home/stalin/Desktop/PDFL-RNA/NA-L/6c64/6c64_nucleic_acid.pdb,/home/stalin/Desktop/PDFL-RNA/NA-L/6c64/6c64_ligand.sdf,/home/stalin/Desktop/PDFL-RNA/NA-L/6c64/6c64_ligand.mol2,873,24,260,130,169,26,0,21,2,0,1,0,0,0,0,0,331.46400000000017,4.0,0.0,2.0,2.0,7.12,/home/stalin/Desktop/PDFL-RNA/NA-L/6c64/6c64_pocket.pdb,/home/stalin/Desktop/PDFL-RNA/NA-L/6c64/6c64_ligand.sdf,/home/stalin/Desktop/PDFL-RNA/NA-L/6c64/6c64_ligand.mol2,aptamer,other_lig
6ck4,3.10,2018,Kd=1.8uM,1.8e-06,KD,5.7447,/home/stalin/Desktop/PDFL-RNA/NA-L/6ck4/6ck4_pocket.pdb,/home/stalin/Desktop/PDFL-RNA/NA-L/6ck4/6ck4_nucleic_acid.pdb,/home/stalin/Desktop/PDFL-RNA/NA-L/6ck4/6ck4_ligand.sdf,/home/stalin/Desktop/PDFL-RNA/NA-L/6ck4/6ck4_ligand.mol2,1079,36,317,127,234,34,0,10,5,17,0,0,0,0,0,4,597.1120000000002,3.0,3.0,20.0,10.0,362.61,/home/stalin/Desktop/PDFL-RNA/NA-L/6ck4/6ck4_pocket.pdb,/home/stalin/Desktop/PDFL-RNA/NA-L/6ck4/6ck4_ligand.sdf,/home/stalin/Desktop/PDFL-RNA/NA-L/6ck4/6ck4_ligand.mol2,riboswitch,TPP
5w77,NMR,2018,Kd=16.5uM,1.6499999999999998e-05,KD,4.7825,/home/stalin/Desktop/PDFL-RNA/NA-L/5w77/5w77_pocket.pdb,/home/stalin/Desktop/PDFL-RNA/NA-L/5w77/5w77_nucleic_acid.pdb,/home/stalin/Desktop/PDFL-RNA/NA-L/5w77/5w77_ligand.sdf,/home/stalin/Desktop/PDFL-RNA/NA-L/5w77/5w77_ligand.mol2,589,32,180,81,107,17,0,24,2,3,0,3,0,0,0,0,447.4770000000005,4.0,3.0,3.0,4.0,66.91,/home/stalin/Desktop/PDFL-RNA/NA-L/5w77/5w77_pocket.pdb,/home/stalin/Desktop/PDFL-RNA/NA-L/5w77/5w77_ligand.sdf,/home/stalin/Desktop/PDFL-RNA/NA-L/5w77/5w77_ligand.mol2,other_misc,other_lig
6ck5,2.49,2018,Kd=2.0uM,2e-06,KD,5.699,/home/stalin/Desktop/PDFL-RNA/NA-L/6ck5/6ck5_pocket.pdb,/home/stalin/Desktop/PDFL-RNA/NA-L/6ck5/6ck5_nucleic_acid.pdb,/home/stalin/Desktop/PDFL-RNA/NA-L/6ck5/6ck5_ligand.sdf,/home/stalin/Desktop/PDFL-RNA/NA-L/6ck5/6ck5_ligand.mol2,1018,22,299,127,218,31,0,5,0,14,0,0,0,0,0,3,385.0270000000001,1.0,2.0,14.0,7.0,243.89,/home/stalin/Desktop/PDFL-RNA/NA-L/6ck5/6ck5_pocket.pdb,/home/stalin/Desktop/PDFL-RNA/NA-L/6ck5/6ck5_ligand.sdf,/home/stalin/Desktop/PDFL-RNA/NA-L/6ck5/6ck5_ligand.mol2,riboswitch,TPP
6fz0,2.50,2018,Kd=4.37uM,4.37e-06,KD,5.3595,/home/stalin/Desktop/PDFL-RNA/NA-L/6fz0/6fz0_pocket.pdb,/home/stalin/Desktop/PDFL-RNA/NA-L/6fz0/6fz0_nucleic_acid.pdb,/home/stalin/Desktop/PDFL-RNA/NA-L/6fz0/6fz0_ligand.sdf,/home/stalin/Desktop/PDFL-RNA/NA-L/6fz0/6fz0_ligand.mol2,936,27,275,105,214,29,0,15,6,5,1,0,0,0,0,0,399.4530000000002,3.0,4.0,9.0,7.0,187.08,/home/stalin/Desktop/PDFL-RNA/NA-L/6fz0/6fz0_pocket.pdb,/home/stalin/Desktop/PDFL-RNA/NA-L/6fz0/6fz0_ligand.sdf,/home/stalin/Desktop/PDFL-RNA/NA-L/6fz0/6fz0_ligand.mol2,riboswitch,SAM_SAH
6dlt,2.90,2018,Kd=59.2uM,5.92e-05,KD,4.2277,/home/stalin/Desktop/PDFL-RNA/NA-L/6dlt/6dlt_pocket.pdb,/home/stalin/Desktop/PDFL-RNA/NA-L/6dlt/6dlt_nucleic_acid.pdb,/home/stalin/Desktop/PDFL-RNA/NA-L/6dlt/6dlt_ligand.sdf,/home/stalin/Desktop/PDFL-RNA/NA-L/6dlt/6dlt_ligand.mol2,1090,22,320,139,237,35,0,5,0,14,0,0,0,0,0,3,385.0270000000001,1.0,2.0,14.0,7.0,243.89,/home/stalin/Desktop/PDFL-RNA/NA-L/6dlt/6dlt_pocket.pdb,/home/stalin/Desktop/PDFL-RNA/NA-L/6dlt/6dlt_ligand.sdf,/home/stalin/Desktop/PDFL-RNA/NA-L/6dlt/6dlt_ligand.mol2,riboswitch,TPP
6e84,2.90,2019,Kd=1.4uM,1.4e-06,KD,5.8539,/home/stalin/Desktop/PDFL-RNA/NA-L/6e84/6e84_pocket.pdb,/home/stalin/Desktop/PDFL-RNA/NA-L/6e84/6e84_nucleic_acid.pdb,/home/stalin/Desktop/PDFL-RNA/NA-L/6e84/6e84_ligand.sdf,/home/stalin/Desktop/PDFL-RNA/NA-L/6e84/6e84_ligand.mol2,498,0,148,69,102,15,0,0,0,0,0,0,0,0,0,0,0.0,0.0,0.0,0.0,0.0,0.0,/home/stalin/Desktop/PDFL-RNA/NA-L/6e84/6e84_pocket.pdb,/home/stalin/Desktop/PDFL-RNA/NA-L/6e84/6e84_ligand.sdf,/home/stalin/Desktop/PDFL-RNA/NA-L/6e84/6e84_ligand.mol2,aptamer,other_lig
6j2w,NMR,2019,Kd=1.4uM,1.4e-06,KD,5.8539,/home/stalin/Desktop/PDFL-RNA/NA-L/6j2w/6j2w_pocket.pdb,/home/stalin/Desktop/PDFL-RNA/NA-L/6j2w/6j2w_nucleic_acid.pdb,/home/stalin/Desktop/PDFL-RNA/NA-L/6j2w/6j2w_ligand.sdf,/home/stalin/Desktop/PDFL-RNA/NA-L/6j2w/6j2w_ligand.mol2,511,28,155,67,96,16,0,20,1,6,0,0,1,0,0,0,401.8020000000003,3.0,1.0,6.0,5.0,118.59,/home/stalin/Desktop/PDFL-RNA/NA-L/6j2w/6j2w_pocket.pdb,/home/stalin/Desktop/PDFL-RNA/NA-L/6j2w/6j2w_ligand.sdf,/home/stalin/Desktop/PDFL-RNA/NA-L/6j2w/6j2w_ligand.mol2,other_misc,other_lig
6e8t,2.90,2019,Kd=1.7nM,1.7e-09,KD,8.7696,/home/stalin/Desktop/PDFL-RNA/NA-L/6e8t/6e8t_pocket.pdb,/home/stalin/Desktop/PDFL-RNA/NA-L/6e8t/6e8t_nucleic_acid.pdb,/home/stalin/Desktop/PDFL-RNA/NA-L/6e8t/6e8t_ligand.sdf,/home/stalin/Desktop/PDFL-RNA/NA-L/6e8t/6e8t_ligand.mol2,907,25,269,107,203,28,0,21,2,1,1,0,0,0,0,0,347.4630000000002,4.0,0.0,3.0,3.0,24.19,/home/stalin/Desktop/PDFL-RNA/NA-L/6e8t/6e8t_pocket.pdb,/home/stalin/Desktop/PDFL-RNA/NA-L/6e8t/6e8t_ligand.sdf,/home/stalin/Desktop/PDFL-RNA/NA-L/6e8t/6e8t_ligand.mol2,aptamer,other_lig
6qn3,2.30,2019,Kd=190uM,0.0001899999999999,KD,3.7212,/home/stalin/Desktop/PDFL-RNA/NA-L/6qn3/6qn3_pocket.pdb,/home/stalin/Desktop/PDFL-RNA/NA-L/6qn3/6qn3_nucleic_acid.pdb,/home/stalin/Desktop/PDFL-RNA/NA-L/6qn3/6qn3_ligand.sdf,/home/stalin/Desktop/PDFL-RNA/NA-L/6qn3/6qn3_ligand.mol2,692,10,203,88,150,20,0,5,2,3,0,0,0,0,0,0,146.14600000000002,0.0,2.0,3.0,4.0,110.86,/home/stalin/Desktop/PDFL-RNA/NA-L/6qn3/6qn3_pocket.pdb,/home/stalin/Desktop/PDFL-RNA/NA-L/6qn3/6qn3_ligand.sdf,/home/stalin/Desktop/PDFL-RNA/NA-L/6qn3/6qn3_ligand.mol2,riboswitch,other_lig
6e8s,2.35,2019,Kd=2.3nM,2.3e-09,KD,8.6383,/home/stalin/Desktop/PDFL-RNA/NA-L/6e8s/6e8s_pocket.pdb,/home/stalin/Desktop/PDFL-RNA/NA-L/6e8s/6e8s_nucleic_acid.pdb,/home/stalin/Desktop/PDFL-RNA/NA-L/6e8s/6e8s_ligand.sdf,/home/stalin/Desktop/PDFL-RNA/NA-L/6e8s/6e8s_ligand.mol2,1057,29,309,126,228,31,0,23,3,2,1,0,0,0,0,0,406.5310000000002,4.0,1.0,4.0,6.0,45.45,/home/stalin/Desktop/PDFL-RNA/NA-L/6e8s/6e8s_pocket.pdb,/home/stalin/Desktop/PDFL-RNA/NA-L/6e8s/6e8s_ligand.sdf,/home/stalin/Desktop/PDFL-RNA/NA-L/6e8s/6e8s_ligand.mol2,aptamer,other_lig
6hmo,NMR,2019,Kd=28uM,2.8e-05,KD,4.5528,/home/stalin/Desktop/PDFL-RNA/NA-L/6hmo/6hmo_pocket.pdb,/home/stalin/Desktop/PDFL-RNA/NA-L/6hmo/6hmo_nucleic_acid.pdb,/home/stalin/Desktop/PDFL-RNA/NA-L/6hmo/6hmo_ligand.sdf,/home/stalin/Desktop/PDFL-RNA/NA-L/6hmo/6hmo_ligand.mol2,447,29,133,52,97,13,0,21,6,1,0,1,0,0,0,0,393.4460000000004,5.0,1.0,4.0,2.0,59.35000000000001,/home/stalin/Desktop/PDFL-RNA/NA-L/6hmo/6hmo_pocket.pdb,/home/stalin/Desktop/PDFL-RNA/NA-L/6hmo/6hmo_ligand.sdf,/home/stalin/Desktop/PDFL-RNA/NA-L/6hmo/6hmo_ligand.mol2,other_misc,other_lig
6hag,NMR,2019,Kd=3.7uM,3.7e-06,KD,5.4318,/home/stalin/Desktop/PDFL-RNA/NA-L/6hag/6hag_pocket.pdb,/home/stalin/Desktop/PDFL-RNA/NA-L/6hag/6hag_nucleic_acid.pdb,/home/stalin/Desktop/PDFL-RNA/NA-L/6hag/6hag_ligand.sdf,/home/stalin/Desktop/PDFL-RNA/NA-L/6hag/6hag_ligand.mol2,709,26,210,86,152,22,0,14,6,5,1,0,0,0,0,0,384.4180000000002,3.0,4.0,10.0,7.0,187.08,/home/stalin/Desktop/PDFL-RNA/NA-L/6hag/6hag_pocket.pdb,/home/stalin/Desktop/PDFL-RNA/NA-L/6hag/6hag_ligand.sdf,/home/stalin/Desktop/PDFL-RNA/NA-L/6hag/6hag_ligand.mol2,riboswitch,SAM_SAH
6p2h,2.80,2019,Kd=34nM,3.4e-08,KD,7.4685,/home/stalin/Desktop/PDFL-RNA/NA-L/6p2h/6p2h_pocket.pdb,/home/stalin/Desktop/PDFL-RNA/NA-L/6p2h/6p2h_nucleic_acid.pdb,/home/stalin/Desktop/PDFL-RNA/NA-L/6p2h/6p2h_ligand.sdf,/home/stalin/Desktop/PDFL-RNA/NA-L/6p2h/6p2h_ligand.mol2,808,19,216,100,162,23,0,10,5,4,0,0,0,0,0,0,267.245,3.0,4.0,7.0,2.0,139.28000000000003,/home/stalin/Desktop/PDFL-RNA/NA-L/6p2h/6p2h_pocket.pdb,/home/stalin/Desktop/PDFL-RNA/NA-L/6p2h/6p2h_ligand.sdf,/home/stalin/Desktop/PDFL-RNA/NA-L/6p2h/6p2h_ligand.mol2,other_misc,other_lig
6jj0,NMR,2019,Kd=36nM,3.6000000000000005e-08,KD,7.4437,/home/stalin/Desktop/PDFL-RNA/NA-L/6jj0/6jj0_pocket.pdb,/home/stalin/Desktop/PDFL-RNA/NA-L/6jj0/6jj0_nucleic_acid.pdb,/home/stalin/Desktop/PDFL-RNA/NA-L/6jj0/6jj0_ligand.sdf,/home/stalin/Desktop/PDFL-RNA/NA-L/6jj0/6jj0_ligand.mol2,521,31,160,71,95,15,0,28,3,0,0,0,0,0,0,0,403.5290000000002,5.0,1.0,0.0,4.0,23.55,/home/stalin/Desktop/PDFL-RNA/NA-L/6jj0/6jj0_pocket.pdb,/home/stalin/Desktop/PDFL-RNA/NA-L/6jj0/6jj0_ligand.sdf,/home/stalin/Desktop/PDFL-RNA/NA-L/6jj0/6jj0_ligand.mol2,g_quadruplex,other_lig
6e81,2.72,2019,Kd=3uM,3e-06,KD,5.5229,/home/stalin/Desktop/PDFL-RNA/NA-L/6e81/6e81_pocket.pdb,/home/stalin/Desktop/PDFL-RNA/NA-L/6e81/6e81_nucleic_acid.pdb,/home/stalin/Desktop/PDFL-RNA/NA-L/6e81/6e81_ligand.sdf,/home/stalin/Desktop/PDFL-RNA/NA-L/6e81/6e81_ligand.mol2,465,20,138,64,96,14,0,17,2,0,1,0,0,0,0,0,283.4200000000001,3.0,0.0,2.0,2.0,7.12,/home/stalin/Desktop/PDFL-RNA/NA-L/6e81/6e81_pocket.pdb,/home/stalin/Desktop/PDFL-RNA/NA-L/6e81/6e81_ligand.sdf,/home/stalin/Desktop/PDFL-RNA/NA-L/6e81/6e81_ligand.mol2,aptamer,other_lig
6e8u,1.55,2019,Kd=4.6nM,4.6e-09,KD,8.3372,/home/stalin/Desktop/PDFL-RNA/NA-L/6e8u/6e8u_pocket.pdb,/home/stalin/Desktop/PDFL-RNA/NA-L/6e8u/6e8u_nucleic_acid.pdb,/home/stalin/Desktop/PDFL-RNA/NA-L/6e8u/6e8u_ligand.sdf,/home/stalin/Desktop/PDFL-RNA/NA-L/6e8u/6e8u_ligand.mol2,788,52,213,89,226,22,0,38,6,6,2,0,0,0,0,0,749.9800000000004,6.0,4.0,9.0,20.0,134.14,/home/stalin/Desktop/PDFL-RNA/NA-L/6e8u/6e8u_pocket.pdb,/home/stalin/Desktop/PDFL-RNA/NA-L/6e8u/6e8u_ligand.sdf,/home/stalin/Desktop/PDFL-RNA/NA-L/6e8u/6e8u_ligand.mol2,aptamer,other_lig
6hbt,1.66,2019,Kd=4.7uM,4.7e-06,KD,5.3279,/home/stalin/Desktop/PDFL-RNA/NA-L/6hbt/6hbt_pocket.pdb,/home/stalin/Desktop/PDFL-RNA/NA-L/6hbt/6hbt_nucleic_acid.pdb,/home/stalin/Desktop/PDFL-RNA/NA-L/6hbt/6hbt_ligand.sdf,/home/stalin/Desktop/PDFL-RNA/NA-L/6hbt/6hbt_ligand.mol2,335,12,96,42,77,10,0,6,6,0,0,0,0,0,0,0,174.25199999999998,0.0,6.0,0.0,5.0,127.28,/home/stalin/Desktop/PDFL-RNA/NA-L/6hbt/6hbt_pocket.pdb,/home/stalin/Desktop/PDFL-RNA/NA-L/6hbt/6hbt_ligand.sdf,/home/stalin/Desktop/PDFL-RNA/NA-L/6hbt/6hbt_ligand.mol2,duplex_groove,other_lig
6sx3,NMR,2019,Kd=7uM,7e-06,KD,5.1549,/home/stalin/Desktop/PDFL-RNA/NA-L/6sx3/6sx3_pocket.pdb,/home/stalin/Desktop/PDFL-RNA/NA-L/6sx3/6sx3_nucleic_acid.pdb,/home/stalin/Desktop/PDFL-RNA/NA-L/6sx3/6sx3_ligand.sdf,/home/stalin/Desktop/PDFL-RNA/NA-L/6sx3/6sx3_ligand.mol2,709,34,216,102,126,22,0,27,5,2,0,0,0,0,0,0,449.5140000000003,5.0,2.0,3.0,4.0,78.85,/home/stalin/Desktop/PDFL-RNA/NA-L/6sx3/6sx3_pocket.pdb,/home/stalin/Desktop/PDFL-RNA/NA-L/6sx3/6sx3_ligand.sdf,/home/stalin/Desktop/PDFL-RNA/NA-L/6sx3/6sx3_ligand.mol2,other_misc,other_lig
